file,line,type,commit,author,date,time,timezone,datetime,depth,length
style.css,1,css,9c2b935a,wel055,2025-04-11,23:17:35,-07:00,2025-04-11T23:17:35-07:00,0,69
style.css,2,css,9c2b935a,wel055,2025-04-11,23:17:35,-07:00,2025-04-11T23:17:35-07:00,0,6
style.css,3,css,9c2b935a,wel055,2025-04-11,23:17:35,-07:00,2025-04-11T23:17:35-07:00,0,68
style.css,4,css,9c2b935a,wel055,2025-04-11,23:17:35,-07:00,2025-04-11T23:17:35-07:00,0,0
style.css,5,css,9c2b935a,wel055,2025-04-11,23:17:35,-07:00,2025-04-11T23:17:35-07:00,0,0
style.css,6,css,0b97185b,wel055,2025-04-18,23:23:07,-07:00,2025-04-18T23:23:07-07:00,0,33
style.css,7,css,0b97185b,wel055,2025-04-18,23:23:07,-07:00,2025-04-18T23:23:07-07:00,0,0
style.css,8,css,e725a1b1,wel055,2025-04-04,14:13:45,-07:00,2025-04-04T14:13:45-07:00,0,5
style.css,9,css,9c2b935a,wel055,2025-04-11,23:17:35,-07:00,2025-04-11T23:17:35-07:00,0,44
style.css,10,css,9c2b935a,wel055,2025-04-11,23:17:35,-07:00,2025-04-11T23:17:35-07:00,0,43
style.css,11,css,9c2b935a,wel055,2025-04-11,23:17:35,-07:00,2025-04-11T23:17:35-07:00,0,1
style.css,12,css,9c2b935a,wel055,2025-04-11,23:17:35,-07:00,2025-04-11T23:17:35-07:00,0,24
style.css,13,css,9c2b935a,wel055,2025-04-11,23:17:35,-07:00,2025-04-11T23:17:35-07:00,0,16
style.css,14,css,9c2b935a,wel055,2025-04-11,23:17:35,-07:00,2025-04-11T23:17:35-07:00,0,56
style.css,15,css,9c2b935a,wel055,2025-04-11,23:17:35,-07:00,2025-04-11T23:17:35-07:00,0,13
style.css,16,css,9c2b935a,wel055,2025-04-11,23:17:35,-07:00,2025-04-11T23:17:35-07:00,0,43
style.css,17,css,9c2b935a,wel055,2025-04-11,23:17:35,-07:00,2025-04-11T23:17:35-07:00,0,0
style.css,18,css,c721ba56,wel055,2025-04-11,16:23:53,-07:00,2025-04-11T16:23:53-07:00,0,0
style.css,19,css,c721ba56,wel055,2025-04-11,16:23:53,-07:00,2025-04-11T16:23:53-07:00,0,44
style.css,20,css,c721ba56,wel055,2025-04-11,16:23:53,-07:00,2025-04-11T16:23:53-07:00,0,7
style.css,21,css,9c2b935a,wel055,2025-04-11,23:17:35,-07:00,2025-04-11T23:17:35-07:00,0,39
style.css,22,css,9c2b935a,wel055,2025-04-11,23:17:35,-07:00,2025-04-11T23:17:35-07:00,0,9
style.css,23,css,9c2b935a,wel055,2025-04-11,23:17:35,-07:00,2025-04-11T23:17:35-07:00,0,10
style.css,24,css,c721ba56,wel055,2025-04-11,16:23:53,-07:00,2025-04-11T16:23:53-07:00,0,0
style.css,25,css,9c2b935a,wel055,2025-04-11,23:17:35,-07:00,2025-04-11T23:17:35-07:00,0,44
style.css,26,css,9c2b935a,wel055,2025-04-11,23:17:35,-07:00,2025-04-11T23:17:35-07:00,0,13
style.css,27,css,9c2b935a,wel055,2025-04-11,23:17:35,-07:00,2025-04-11T23:17:35-07:00,0,39
style.css,28,css,c721ba56,wel055,2025-04-11,16:23:53,-07:00,2025-04-11T16:23:53-07:00,0,0
style.css,29,css,c721ba56,wel055,2025-04-11,16:23:53,-07:00,2025-04-11T16:23:53-07:00,0,0
style.css,30,css,c721ba56,wel055,2025-04-11,16:23:53,-07:00,2025-04-11T16:23:53-07:00,0,10
style.css,31,css,9c2b935a,wel055,2025-04-11,23:17:35,-07:00,2025-04-11T23:17:35-07:00,0,7
style.css,32,css,9c2b935a,wel055,2025-04-11,23:17:35,-07:00,2025-04-11T23:17:35-07:00,0,18
style.css,33,css,c721ba56,wel055,2025-04-11,16:23:53,-07:00,2025-04-11T16:23:53-07:00,0,0
style.css,34,css,c721ba56,wel055,2025-04-11,16:23:53,-07:00,2025-04-11T16:23:53-07:00,0,0
style.css,35,css,c721ba56,wel055,2025-04-11,16:23:53,-07:00,2025-04-11T16:23:53-07:00,0,41
style.css,36,css,c721ba56,wel055,2025-04-11,16:23:53,-07:00,2025-04-11T16:23:53-07:00,0,6
style.css,37,css,9c2b935a,wel055,2025-04-11,23:17:35,-07:00,2025-04-11T23:17:35-07:00,0,21
style.css,38,css,9c2b935a,wel055,2025-04-11,23:17:35,-07:00,2025-04-11T23:17:35-07:00,0,54
style.css,39,css,9c2b935a,wel055,2025-04-11,23:17:35,-07:00,2025-04-11T23:17:35-07:00,0,18
style.css,40,css,9c2b935a,wel055,2025-04-11,23:17:35,-07:00,2025-04-11T23:17:35-07:00,0,52
style.css,41,css,c721ba56,wel055,2025-04-11,16:23:53,-07:00,2025-04-11T16:23:53-07:00,0,0
style.css,42,css,c721ba56,wel055,2025-04-11,16:23:53,-07:00,2025-04-11T16:23:53-07:00,0,0
style.css,43,css,c721ba56,wel055,2025-04-11,16:23:53,-07:00,2025-04-11T16:23:53-07:00,0,54
style.css,44,css,c721ba56,wel055,2025-04-11,16:23:53,-07:00,2025-04-11T16:23:53-07:00,0,4
style.css,45,css,0b97185b,wel055,2025-04-18,23:23:07,-07:00,2025-04-18T23:23:07-07:00,0,72
style.css,46,css,0b97185b,wel055,2025-04-18,23:23:07,-07:00,2025-04-18T23:23:07-07:00,0,40
style.css,47,css,0b97185b,wel055,2025-04-18,23:23:07,-07:00,2025-04-18T23:23:07-07:00,0,0
style.css,48,css,0b97185b,wel055,2025-04-18,23:23:07,-07:00,2025-04-18T23:23:07-07:00,0,76
style.css,49,css,0b97185b,wel055,2025-04-18,23:23:07,-07:00,2025-04-18T23:23:07-07:00,0,19
style.css,50,css,0b97185b,wel055,2025-04-18,23:23:07,-07:00,2025-04-18T23:23:07-07:00,0,22
style.css,51,css,c721ba56,wel055,2025-04-11,16:23:53,-07:00,2025-04-11T16:23:53-07:00,0,0
style.css,52,css,c721ba56,wel055,2025-04-11,16:23:53,-07:00,2025-04-11T16:23:53-07:00,0,0
style.css,53,css,c721ba56,wel055,2025-04-11,16:23:53,-07:00,2025-04-11T16:23:53-07:00,0,38
style.css,54,css,c721ba56,wel055,2025-04-11,16:23:53,-07:00,2025-04-11T16:23:53-07:00,0,14
style.css,55,css,0b97185b,wel055,2025-04-18,23:23:07,-07:00,2025-04-18T23:23:07-07:00,0,46
style.css,56,css,0b97185b,wel055,2025-04-18,23:23:07,-07:00,2025-04-18T23:23:07-07:00,0,21
style.css,57,css,9c2b935a,wel055,2025-04-11,23:17:35,-07:00,2025-04-11T23:17:35-07:00,0,0
style.css,58,css,9c2b935a,wel055,2025-04-11,23:17:35,-07:00,2025-04-11T23:17:35-07:00,0,0
style.css,59,css,9c2b935a,wel055,2025-04-11,23:17:35,-07:00,2025-04-11T23:17:35-07:00,0,26
style.css,60,css,9c2b935a,wel055,2025-04-11,23:17:35,-07:00,2025-04-11T23:17:35-07:00,0,46
style.css,61,css,0b97185b,wel055,2025-04-18,23:23:07,-07:00,2025-04-18T23:23:07-07:00,0,0
style.css,62,css,0b97185b,wel055,2025-04-18,23:23:07,-07:00,2025-04-18T23:23:07-07:00,0,74
style.css,63,css,0b97185b,wel055,2025-04-18,23:23:07,-07:00,2025-04-18T23:23:07-07:00,0,70
style.css,64,css,9c2b935a,wel055,2025-04-11,23:17:35,-07:00,2025-04-11T23:17:35-07:00,0,0
style.css,65,css,9c2b935a,wel055,2025-04-11,23:17:35,-07:00,2025-04-11T23:17:35-07:00,0,0
style.css,66,css,9c2b935a,wel055,2025-04-11,23:17:35,-07:00,2025-04-11T23:17:35-07:00,0,10
style.css,67,css,9c2b935a,wel055,2025-04-11,23:17:35,-07:00,2025-04-11T23:17:35-07:00,0,10
style.css,68,css,9c2b935a,wel055,2025-04-11,23:17:35,-07:00,2025-04-11T23:17:35-07:00,0,13
style.css,69,css,9c2b935a,wel055,2025-04-11,23:17:35,-07:00,2025-04-11T23:17:35-07:00,0,12
style.css,70,css,9c2b935a,wel055,2025-04-11,23:17:35,-07:00,2025-04-11T23:17:35-07:00,0,53
style.css,71,css,9c2b935a,wel055,2025-04-11,23:17:35,-07:00,2025-04-11T23:17:35-07:00,0,64
style.css,72,css,9c2b935a,wel055,2025-04-11,23:17:35,-07:00,2025-04-11T23:17:35-07:00,0,68
style.css,73,css,9c2b935a,wel055,2025-04-11,23:17:35,-07:00,2025-04-11T23:17:35-07:00,0,0
style.css,74,css,9c2b935a,wel055,2025-04-11,23:17:35,-07:00,2025-04-11T23:17:35-07:00,0,0
style.css,75,css,9c2b935a,wel055,2025-04-11,23:17:35,-07:00,2025-04-11T23:17:35-07:00,0,39
style.css,76,css,9c2b935a,wel055,2025-04-11,23:17:35,-07:00,2025-04-11T23:17:35-07:00,0,11
style.css,77,css,9c2b935a,wel055,2025-04-11,23:17:35,-07:00,2025-04-11T23:17:35-07:00,0,63
style.css,78,css,9c2b935a,wel055,2025-04-11,23:17:35,-07:00,2025-04-11T23:17:35-07:00,0,55
style.css,79,css,9c2b935a,wel055,2025-04-11,23:17:35,-07:00,2025-04-11T23:17:35-07:00,0,0
style.css,80,css,9c2b935a,wel055,2025-04-11,23:17:35,-07:00,2025-04-11T23:17:35-07:00,0,0
style.css,81,css,9c2b935a,wel055,2025-04-11,23:17:35,-07:00,2025-04-11T23:17:35-07:00,0,60
style.css,82,css,9c2b935a,wel055,2025-04-11,23:17:35,-07:00,2025-04-11T23:17:35-07:00,0,10
style.css,83,css,9c2b935a,wel055,2025-04-11,23:17:35,-07:00,2025-04-11T23:17:35-07:00,0,14
style.css,84,css,9c2b935a,wel055,2025-04-11,23:17:35,-07:00,2025-04-11T23:17:35-07:00,0,55
style.css,85,css,9c2b935a,wel055,2025-04-11,23:17:35,-07:00,2025-04-11T23:17:35-07:00,0,55
style.css,86,css,9c2b935a,wel055,2025-04-11,23:17:35,-07:00,2025-04-11T23:17:35-07:00,0,64
style.css,87,css,9c2b935a,wel055,2025-04-11,23:17:35,-07:00,2025-04-11T23:17:35-07:00,0,0
style.css,88,css,9c2b935a,wel055,2025-04-11,23:17:35,-07:00,2025-04-11T23:17:35-07:00,0,0
style.css,89,css,9c2b935a,wel055,2025-04-11,23:17:35,-07:00,2025-04-11T23:17:35-07:00,0,61
style.css,90,css,9c2b935a,wel055,2025-04-11,23:17:35,-07:00,2025-04-11T23:17:35-07:00,0,12
style.css,91,css,9c2b935a,wel055,2025-04-11,23:17:35,-07:00,2025-04-11T23:17:35-07:00,0,41
style.css,92,css,9c2b935a,wel055,2025-04-11,23:17:35,-07:00,2025-04-11T23:17:35-07:00,0,11
style.css,93,css,9c2b935a,wel055,2025-04-11,23:17:35,-07:00,2025-04-11T23:17:35-07:00,0,61
style.css,94,css,9c2b935a,wel055,2025-04-11,23:17:35,-07:00,2025-04-11T23:17:35-07:00,0,0
style.css,95,css,9c2b935a,wel055,2025-04-11,23:17:35,-07:00,2025-04-11T23:17:35-07:00,0,18
style.css,96,css,9c2b935a,wel055,2025-04-11,23:17:35,-07:00,2025-04-11T23:17:35-07:00,0,55
style.css,97,css,9c2b935a,wel055,2025-04-11,23:17:35,-07:00,2025-04-11T23:17:35-07:00,0,0
style.css,98,css,9c2b935a,wel055,2025-04-11,23:17:35,-07:00,2025-04-11T23:17:35-07:00,0,0
style.css,99,css,9c2b935a,wel055,2025-04-11,23:17:35,-07:00,2025-04-11T23:17:35-07:00,0,0
style.css,100,css,9c2b935a,wel055,2025-04-11,23:17:35,-07:00,2025-04-11T23:17:35-07:00,0,27
style.css,101,css,9c2b935a,wel055,2025-04-11,23:17:35,-07:00,2025-04-11T23:17:35-07:00,0,5
style.css,102,css,9c2b935a,wel055,2025-04-11,23:17:35,-07:00,2025-04-11T23:17:35-07:00,0,13
style.css,103,css,9c2b935a,wel055,2025-04-11,23:17:35,-07:00,2025-04-11T23:17:35-07:00,0,43
style.css,104,css,9c2b935a,wel055,2025-04-11,23:17:35,-07:00,2025-04-11T23:17:35-07:00,0,84
style.css,105,css,9c2b935a,wel055,2025-04-11,23:17:35,-07:00,2025-04-11T23:17:35-07:00,0,0
style.css,106,css,9c2b935a,wel055,2025-04-11,23:17:35,-07:00,2025-04-11T23:17:35-07:00,0,0
style.css,107,css,9c2b935a,wel055,2025-04-11,23:17:35,-07:00,2025-04-11T23:17:35-07:00,0,11
style.css,108,css,9c2b935a,wel055,2025-04-11,23:17:35,-07:00,2025-04-11T23:17:35-07:00,0,33
style.css,109,css,9c2b935a,wel055,2025-04-11,23:17:35,-07:00,2025-04-11T23:17:35-07:00,0,14
style.css,110,css,9c2b935a,wel055,2025-04-11,23:17:35,-07:00,2025-04-11T23:17:35-07:00,0,57
style.css,111,css,9c2b935a,wel055,2025-04-11,23:17:35,-07:00,2025-04-11T23:17:35-07:00,0,17
style.css,112,css,9c2b935a,wel055,2025-04-11,23:17:35,-07:00,2025-04-11T23:17:35-07:00,0,1
style.css,113,css,9c2b935a,wel055,2025-04-11,23:17:35,-07:00,2025-04-11T23:17:35-07:00,0,17
style.css,114,css,9c2b935a,wel055,2025-04-11,23:17:35,-07:00,2025-04-11T23:17:35-07:00,0,0
style.css,115,css,9c2b935a,wel055,2025-04-11,23:17:35,-07:00,2025-04-11T23:17:35-07:00,0,0
style.css,116,css,9c2b935a,wel055,2025-04-11,23:17:35,-07:00,2025-04-11T23:17:35-07:00,0,10
style.css,117,css,9c2b935a,wel055,2025-04-11,23:17:35,-07:00,2025-04-11T23:17:35-07:00,0,14
style.css,118,css,9c2b935a,wel055,2025-04-11,23:17:35,-07:00,2025-04-11T23:17:35-07:00,0,56
style.css,119,css,9c2b935a,wel055,2025-04-11,23:17:35,-07:00,2025-04-11T23:17:35-07:00,0,11
style.css,120,css,9c2b935a,wel055,2025-04-11,23:17:35,-07:00,2025-04-11T23:17:35-07:00,0,22
style.css,121,css,9c2b935a,wel055,2025-04-11,23:17:35,-07:00,2025-04-11T23:17:35-07:00,0,13
style.css,122,css,9c2b935a,wel055,2025-04-11,23:17:35,-07:00,2025-04-11T23:17:35-07:00,0,0
style.css,123,css,9c2b935a,wel055,2025-04-11,23:17:35,-07:00,2025-04-11T23:17:35-07:00,0,0
style.css,124,css,9c2b935a,wel055,2025-04-11,23:17:35,-07:00,2025-04-11T23:17:35-07:00,0,12
style.css,125,css,9c2b935a,wel055,2025-04-11,23:17:35,-07:00,2025-04-11T23:17:35-07:00,0,61
style.css,126,css,9c2b935a,wel055,2025-04-11,23:17:35,-07:00,2025-04-11T23:17:35-07:00,0,57
style.css,127,css,9c2b935a,wel055,2025-04-11,23:17:35,-07:00,2025-04-11T23:17:35-07:00,0,18
style.css,128,css,9c2b935a,wel055,2025-04-11,23:17:35,-07:00,2025-04-11T23:17:35-07:00,0,0
style.css,129,css,9c2b935a,wel055,2025-04-11,23:17:35,-07:00,2025-04-11T23:17:35-07:00,0,0
style.css,130,css,9c2b935a,wel055,2025-04-11,23:17:35,-07:00,2025-04-11T23:17:35-07:00,0,28
style.css,131,css,9c2b935a,wel055,2025-04-11,23:17:35,-07:00,2025-04-11T23:17:35-07:00,0,10
style.css,132,css,9c2b935a,wel055,2025-04-11,23:17:35,-07:00,2025-04-11T23:17:35-07:00,0,32
style.css,133,css,9c2b935a,wel055,2025-04-11,23:17:35,-07:00,2025-04-11T23:17:35-07:00,0,13
style.css,134,css,9c2b935a,wel055,2025-04-11,23:17:35,-07:00,2025-04-11T23:17:35-07:00,0,0
style.css,135,css,9c2b935a,wel055,2025-04-11,23:17:35,-07:00,2025-04-11T23:17:35-07:00,0,46
style.css,136,css,9c2b935a,wel055,2025-04-11,23:17:35,-07:00,2025-04-11T23:17:35-07:00,0,9
style.css,137,css,9c2b935a,wel055,2025-04-11,23:17:35,-07:00,2025-04-11T23:17:35-07:00,0,0
style.css,138,css,9c2b935a,wel055,2025-04-11,23:17:35,-07:00,2025-04-11T23:17:35-07:00,0,24
style.css,139,css,9c2b935a,wel055,2025-04-11,23:17:35,-07:00,2025-04-11T23:17:35-07:00,0,45
style.css,140,css,9c2b935a,wel055,2025-04-11,23:17:35,-07:00,2025-04-11T23:17:35-07:00,0,40
style.css,141,css,9c2b935a,wel055,2025-04-11,23:17:35,-07:00,2025-04-11T23:17:35-07:00,0,40
style.css,142,css,9c2b935a,wel055,2025-04-11,23:17:35,-07:00,2025-04-11T23:17:35-07:00,0,1
style.css,143,css,9c2b935a,wel055,2025-04-11,23:17:35,-07:00,2025-04-11T23:17:35-07:00,0,59
style.css,144,css,9c2b935a,wel055,2025-04-11,23:17:35,-07:00,2025-04-11T23:17:35-07:00,0,0
style.css,145,css,9c2b935a,wel055,2025-04-11,23:17:35,-07:00,2025-04-11T23:17:35-07:00,0,77
style.css,146,css,9c2b935a,wel055,2025-04-11,23:17:35,-07:00,2025-04-11T23:17:35-07:00,0,16
style.css,147,css,9c2b935a,wel055,2025-04-11,23:17:35,-07:00,2025-04-11T23:17:35-07:00,0,0
style.css,148,css,9c2b935a,wel055,2025-04-11,23:17:35,-07:00,2025-04-11T23:17:35-07:00,0,0
style.css,149,css,9c2b935a,wel055,2025-04-11,23:17:35,-07:00,2025-04-11T23:17:35-07:00,0,41
style.css,150,css,9c2b935a,wel055,2025-04-11,23:17:35,-07:00,2025-04-11T23:17:35-07:00,0,18
style.css,151,css,9c2b935a,wel055,2025-04-11,23:17:35,-07:00,2025-04-11T23:17:35-07:00,0,61
style.css,152,css,9c2b935a,wel055,2025-04-11,23:17:35,-07:00,2025-04-11T23:17:35-07:00,0,13
style.css,153,css,9c2b935a,wel055,2025-04-11,23:17:35,-07:00,2025-04-11T23:17:35-07:00,0,61
style.css,154,css,9c2b935a,wel055,2025-04-11,23:17:35,-07:00,2025-04-11T23:17:35-07:00,0,0
style.css,155,css,9c2b935a,wel055,2025-04-11,23:17:35,-07:00,2025-04-11T23:17:35-07:00,0,13
style.css,156,css,9c2b935a,wel055,2025-04-11,23:17:35,-07:00,2025-04-11T23:17:35-07:00,0,75
style.css,157,css,9c2b935a,wel055,2025-04-11,23:17:35,-07:00,2025-04-11T23:17:35-07:00,0,16
style.css,158,css,9c2b935a,wel055,2025-04-11,23:17:35,-07:00,2025-04-11T23:17:35-07:00,0,0
style.css,159,css,9c2b935a,wel055,2025-04-11,23:17:35,-07:00,2025-04-11T23:17:35-07:00,0,0
style.css,160,css,9c2b935a,wel055,2025-04-11,23:17:35,-07:00,2025-04-11T23:17:35-07:00,0,54
style.css,161,css,9c2b935a,wel055,2025-04-11,23:17:35,-07:00,2025-04-11T23:17:35-07:00,0,22
style.css,162,css,9c2b935a,wel055,2025-04-11,23:17:35,-07:00,2025-04-11T23:17:35-07:00,0,11
style.css,163,css,9c2b935a,wel055,2025-04-11,23:17:35,-07:00,2025-04-11T23:17:35-07:00,0,12
style.css,164,css,9c2b935a,wel055,2025-04-11,23:17:35,-07:00,2025-04-11T23:17:35-07:00,0,57
style.css,165,css,9c2b935a,wel055,2025-04-11,23:17:35,-07:00,2025-04-11T23:17:35-07:00,0,0
style.css,166,css,9c2b935a,wel055,2025-04-11,23:17:35,-07:00,2025-04-11T23:17:35-07:00,0,0
style.css,167,css,9c2b935a,wel055,2025-04-11,23:17:35,-07:00,2025-04-11T23:17:35-07:00,0,33
style.css,168,css,9c2b935a,wel055,2025-04-11,23:17:35,-07:00,2025-04-11T23:17:35-07:00,0,21
style.css,169,css,9c2b935a,wel055,2025-04-11,23:17:35,-07:00,2025-04-11T23:17:35-07:00,0,68
style.css,170,css,9c2b935a,wel055,2025-04-11,23:17:35,-07:00,2025-04-11T23:17:35-07:00,0,56
style.css,171,css,9c2b935a,wel055,2025-04-11,23:17:35,-07:00,2025-04-11T23:17:35-07:00,0,0
style.css,172,css,9c2b935a,wel055,2025-04-11,23:17:35,-07:00,2025-04-11T23:17:35-07:00,0,0
style.css,173,css,9c2b935a,wel055,2025-04-11,23:17:35,-07:00,2025-04-11T23:17:35-07:00,0,3
style.css,174,css,9c2b935a,wel055,2025-04-11,23:17:35,-07:00,2025-04-11T23:17:35-07:00,0,15
style.css,175,css,9c2b935a,wel055,2025-04-11,23:17:35,-07:00,2025-04-11T23:17:35-07:00,0,48
style.css,176,css,9c2b935a,wel055,2025-04-11,23:17:35,-07:00,2025-04-11T23:17:35-07:00,0,0
style.css,177,css,9c2b935a,wel055,2025-04-11,23:17:35,-07:00,2025-04-11T23:17:35-07:00,0,0
style.css,178,css,9c2b935a,wel055,2025-04-11,23:17:35,-07:00,2025-04-11T23:17:35-07:00,0,62
style.css,179,css,9c2b935a,wel055,2025-04-11,23:17:35,-07:00,2025-04-11T23:17:35-07:00,0,23
style.css,180,css,9c2b935a,wel055,2025-04-11,23:17:35,-07:00,2025-04-11T23:17:35-07:00,0,16
style.css,181,css,9c2b935a,wel055,2025-04-11,23:17:35,-07:00,2025-04-11T23:17:35-07:00,0,62
style.css,182,css,9c2b935a,wel055,2025-04-11,23:17:35,-07:00,2025-04-11T23:17:35-07:00,0,43
style.css,183,css,9c2b935a,wel055,2025-04-11,23:17:35,-07:00,2025-04-11T23:17:35-07:00,0,18
style.css,184,css,9c2b935a,wel055,2025-04-11,23:17:35,-07:00,2025-04-11T23:17:35-07:00,0,0
style.css,185,css,9c2b935a,wel055,2025-04-11,23:17:35,-07:00,2025-04-11T23:17:35-07:00,0,0
style.css,186,css,9c2b935a,wel055,2025-04-11,23:17:35,-07:00,2025-04-11T23:17:35-07:00,0,16
style.css,187,css,9c2b935a,wel055,2025-04-11,23:17:35,-07:00,2025-04-11T23:17:35-07:00,0,22
style.css,188,css,9c2b935a,wel055,2025-04-11,23:17:35,-07:00,2025-04-11T23:17:35-07:00,0,13
style.css,189,css,9c2b935a,wel055,2025-04-11,23:17:35,-07:00,2025-04-11T23:17:35-07:00,0,49
style.css,190,css,9c2b935a,wel055,2025-04-11,23:17:35,-07:00,2025-04-11T23:17:35-07:00,0,22
style.css,191,css,9c2b935a,wel055,2025-04-11,23:17:35,-07:00,2025-04-11T23:17:35-07:00,0,62
style.css,192,css,9c2b935a,wel055,2025-04-11,23:17:35,-07:00,2025-04-11T23:17:35-07:00,0,0
style.css,193,css,9c2b935a,wel055,2025-04-11,23:17:35,-07:00,2025-04-11T23:17:35-07:00,0,0
style.css,194,css,9c2b935a,wel055,2025-04-11,23:17:35,-07:00,2025-04-11T23:17:35-07:00,0,22
style.css,195,css,55745649,wel055,2025-04-18,21:57:35,-07:00,2025-04-18T21:57:35-07:00,0,25
style.css,196,css,9c2b935a,wel055,2025-04-11,23:17:35,-07:00,2025-04-11T23:17:35-07:00,0,33
style.css,197,css,9c2b935a,wel055,2025-04-11,23:17:35,-07:00,2025-04-11T23:17:35-07:00,0,0
style.css,198,css,9c2b935a,wel055,2025-04-11,23:17:35,-07:00,2025-04-11T23:17:35-07:00,0,0
style.css,199,css,9c2b935a,wel055,2025-04-11,23:17:35,-07:00,2025-04-11T23:17:35-07:00,0,11
style.css,200,css,9c2b935a,wel055,2025-04-11,23:17:35,-07:00,2025-04-11T23:17:35-07:00,0,38
style.css,201,css,9c2b935a,wel055,2025-04-11,23:17:35,-07:00,2025-04-11T23:17:35-07:00,0,19
style.css,202,css,9c2b935a,wel055,2025-04-11,23:17:35,-07:00,2025-04-11T23:17:35-07:00,0,0
style.css,203,css,9c2b935a,wel055,2025-04-11,23:17:35,-07:00,2025-04-11T23:17:35-07:00,0,0
style.css,204,css,9c2b935a,wel055,2025-04-11,23:17:35,-07:00,2025-04-11T23:17:35-07:00,0,14
style.css,205,css,9c2b935a,wel055,2025-04-11,23:17:35,-07:00,2025-04-11T23:17:35-07:00,0,20
style.css,206,css,9c2b935a,wel055,2025-04-11,23:17:35,-07:00,2025-04-11T23:17:35-07:00,0,16
style.css,207,css,9c2b935a,wel055,2025-04-11,23:17:35,-07:00,2025-04-11T23:17:35-07:00,0,0
style.css,208,css,9c2b935a,wel055,2025-04-11,23:17:35,-07:00,2025-04-11T23:17:35-07:00,0,0
style.css,209,css,9c2b935a,wel055,2025-04-11,23:17:35,-07:00,2025-04-11T23:17:35-07:00,0,35
style.css,210,css,9c2b935a,wel055,2025-04-11,23:17:35,-07:00,2025-04-11T23:17:35-07:00,0,16
style.css,211,css,9c2b935a,wel055,2025-04-11,23:17:35,-07:00,2025-04-11T23:17:35-07:00,0,26
style.css,212,css,9c2b935a,wel055,2025-04-11,23:17:35,-07:00,2025-04-11T23:17:35-07:00,0,21
style.css,213,css,9c2b935a,wel055,2025-04-11,23:17:35,-07:00,2025-04-11T23:17:35-07:00,0,45
style.css,214,css,9c2b935a,wel055,2025-04-11,23:17:35,-07:00,2025-04-11T23:17:35-07:00,0,51
style.css,215,css,9c2b935a,wel055,2025-04-11,23:17:35,-07:00,2025-04-11T23:17:35-07:00,0,0
style.css,216,css,9c2b935a,wel055,2025-04-11,23:17:35,-07:00,2025-04-11T23:17:35-07:00,0,0
style.css,217,css,9c2b935a,wel055,2025-04-11,23:17:35,-07:00,2025-04-11T23:17:35-07:00,0,22
style.css,218,css,9c2b935a,wel055,2025-04-11,23:17:35,-07:00,2025-04-11T23:17:35-07:00,0,14
style.css,219,css,9c2b935a,wel055,2025-04-11,23:17:35,-07:00,2025-04-11T23:17:35-07:00,0,37
style.css,220,css,9c2b935a,wel055,2025-04-11,23:17:35,-07:00,2025-04-11T23:17:35-07:00,0,36
style.css,221,css,9c2b935a,wel055,2025-04-11,23:17:35,-07:00,2025-04-11T23:17:35-07:00,0,40
style.css,222,css,0b97185b,wel055,2025-04-18,23:23:07,-07:00,2025-04-18T23:23:07-07:00,0,0
style.css,223,css,0b97185b,wel055,2025-04-18,23:23:07,-07:00,2025-04-18T23:23:07-07:00,0,0
style.css,224,css,0b97185b,wel055,2025-04-18,23:23:07,-07:00,2025-04-18T23:23:07-07:00,0,55
style.css,225,css,0b97185b,wel055,2025-04-18,23:23:07,-07:00,2025-04-18T23:23:07-07:00,0,42
style.css,226,css,0b97185b,wel055,2025-04-18,23:23:07,-07:00,2025-04-18T23:23:07-07:00,0,0
style.css,227,css,0b97185b,wel055,2025-04-18,23:23:07,-07:00,2025-04-18T23:23:07-07:00,0,39
style.css,228,css,0b97185b,wel055,2025-04-18,23:23:07,-07:00,2025-04-18T23:23:07-07:00,0,55
style.css,229,css,0b97185b,wel055,2025-04-18,23:23:07,-07:00,2025-04-18T23:23:07-07:00,0,0
style.css,230,css,0b97185b,wel055,2025-04-18,23:23:07,-07:00,2025-04-18T23:23:07-07:00,0,58
style.css,231,css,d1532439,wel055,2025-04-18,23:32:09,-07:00,2025-04-18T23:32:09-07:00,0,43
style.css,232,css,d1532439,wel055,2025-04-18,23:32:09,-07:00,2025-04-18T23:32:09-07:00,0,0
style.css,233,css,d1532439,wel055,2025-04-18,23:32:09,-07:00,2025-04-18T23:32:09-07:00,0,14
style.css,234,css,d1532439,wel055,2025-04-18,23:32:09,-07:00,2025-04-18T23:32:09-07:00,0,18
style.css,235,css,d1532439,wel055,2025-04-18,23:32:09,-07:00,2025-04-18T23:32:09-07:00,0,9
style.css,236,css,d1532439,wel055,2025-04-18,23:32:09,-07:00,2025-04-18T23:32:09-07:00,0,11
style.css,237,css,d1532439,wel055,2025-04-18,23:32:09,-07:00,2025-04-18T23:32:09-07:00,0,0
style.css,238,css,d1532439,wel055,2025-04-18,23:32:09,-07:00,2025-04-18T23:32:09-07:00,0,14
style.css,239,css,d1532439,wel055,2025-04-18,23:32:09,-07:00,2025-04-18T23:32:09-07:00,0,44
style.css,240,css,d1532439,wel055,2025-04-18,23:32:09,-07:00,2025-04-18T23:32:09-07:00,0,49
style.css,241,css,d1532439,wel055,2025-04-18,23:32:09,-07:00,2025-04-18T23:32:09-07:00,0,0
style.css,242,css,d1532439,wel055,2025-04-18,23:32:09,-07:00,2025-04-18T23:32:09-07:00,0,0
style.css,243,css,d1532439,wel055,2025-04-18,23:32:09,-07:00,2025-04-18T23:32:09-07:00,0,21
style.css,244,css,d1532439,wel055,2025-04-18,23:32:09,-07:00,2025-04-18T23:32:09-07:00,0,13
style.css,245,css,6ff54191,wel055,2025-04-18,23:38:51,-07:00,2025-04-18T23:38:51-07:00,0,0
style.css,246,css,6ff54191,wel055,2025-04-18,23:38:51,-07:00,2025-04-18T23:38:51-07:00,0,0
style.css,247,css,6ff54191,wel055,2025-04-18,23:38:51,-07:00,2025-04-18T23:38:51-07:00,0,53
style.css,248,css,6ff54191,wel055,2025-04-18,23:38:51,-07:00,2025-04-18T23:38:51-07:00,0,13
style.css,249,css,6ff54191,wel055,2025-04-18,23:38:51,-07:00,2025-04-18T23:38:51-07:00,0,69
style.css,250,css,6ff54191,wel055,2025-04-18,23:38:51,-07:00,2025-04-18T23:38:51-07:00,0,69
style.css,251,css,6ff54191,wel055,2025-04-18,23:38:51,-07:00,2025-04-18T23:38:51-07:00,0,69
style.css,252,css,6ff54191,wel055,2025-04-18,23:38:51,-07:00,2025-04-18T23:38:51-07:00,0,69
style.css,253,css,6ff54191,wel055,2025-04-18,23:38:51,-07:00,2025-04-18T23:38:51-07:00,0,69
style.css,254,css,6ff54191,wel055,2025-04-18,23:38:51,-07:00,2025-04-18T23:38:51-07:00,0,69
style.css,255,css,6ff54191,wel055,2025-04-18,23:38:51,-07:00,2025-04-18T23:38:51-07:00,0,0
style.css,256,css,6ff54191,wel055,2025-04-18,23:38:51,-07:00,2025-04-18T23:38:51-07:00,0,0
style.css,257,css,6ff54191,wel055,2025-04-18,23:38:51,-07:00,2025-04-18T23:38:51-07:00,0,20
style.css,258,css,6ff54191,wel055,2025-04-18,23:38:51,-07:00,2025-04-18T23:38:51-07:00,0,69
style.css,259,css,b1f7bb14,wel055,2025-04-19,22:57:51,-07:00,2025-04-19T22:57:51-07:00,0,0
style.css,260,css,b1f7bb14,wel055,2025-04-19,22:57:51,-07:00,2025-04-19T22:57:51-07:00,0,0
style.css,261,css,b1f7bb14,wel055,2025-04-19,22:57:51,-07:00,2025-04-19T22:57:51-07:00,0,60
style.css,262,css,b1f7bb14,wel055,2025-04-19,22:57:51,-07:00,2025-04-19T22:57:51-07:00,0,36
style.css,263,css,b1f7bb14,wel055,2025-04-19,22:57:51,-07:00,2025-04-19T22:57:51-07:00,0,60
style.css,264,css,b1f7bb14,wel055,2025-04-19,22:57:51,-07:00,2025-04-19T22:57:51-07:00,0,0
style.css,265,css,b1f7bb14,wel055,2025-04-19,22:57:51,-07:00,2025-04-19T22:57:51-07:00,0,46
style.css,266,css,b1f7bb14,wel055,2025-04-19,22:57:51,-07:00,2025-04-19T22:57:51-07:00,0,17
style.css,267,css,b1f7bb14,wel055,2025-04-19,22:57:51,-07:00,2025-04-19T22:57:51-07:00,0,55
style.css,268,css,b1f7bb14,wel055,2025-04-19,22:57:51,-07:00,2025-04-19T22:57:51-07:00,0,51
style.css,269,css,b1f7bb14,wel055,2025-04-19,22:57:51,-07:00,2025-04-19T22:57:51-07:00,0,0
style.css,270,css,b1f7bb14,wel055,2025-04-19,22:57:51,-07:00,2025-04-19T22:57:51-07:00,0,0
style.css,271,css,b1f7bb14,wel055,2025-04-19,22:57:51,-07:00,2025-04-19T22:57:51-07:00,0,56
style.css,272,css,b1f7bb14,wel055,2025-04-19,22:57:51,-07:00,2025-04-19T22:57:51-07:00,0,15
style.css,273,css,b1f7bb14,wel055,2025-04-19,22:57:51,-07:00,2025-04-19T22:57:51-07:00,0,14
style.css,274,css,b1f7bb14,wel055,2025-04-19,22:57:51,-07:00,2025-04-19T22:57:51-07:00,0,56
style.css,275,css,b1f7bb14,wel055,2025-04-19,22:57:51,-07:00,2025-04-19T22:57:51-07:00,0,17
style.css,276,css,b1f7bb14,wel055,2025-04-19,22:57:51,-07:00,2025-04-19T22:57:51-07:00,0,0
style.css,277,css,b1f7bb14,wel055,2025-04-19,22:57:51,-07:00,2025-04-19T22:57:51-07:00,0,0
style.css,278,css,b1f7bb14,wel055,2025-04-19,22:57:51,-07:00,2025-04-19T22:57:51-07:00,0,57
style.css,279,css,b1f7bb14,wel055,2025-04-19,22:57:51,-07:00,2025-04-19T22:57:51-07:00,0,14
style.css,280,css,b1f7bb14,wel055,2025-04-19,22:57:51,-07:00,2025-04-19T22:57:51-07:00,0,18
style.css,281,css,b1f7bb14,wel055,2025-04-19,22:57:51,-07:00,2025-04-19T22:57:51-07:00,0,11
style.css,282,css,b1f7bb14,wel055,2025-04-19,22:57:51,-07:00,2025-04-19T22:57:51-07:00,0,22
style.css,283,css,b1f7bb14,wel055,2025-04-19,22:57:51,-07:00,2025-04-19T22:57:51-07:00,0,13
style.css,284,css,b1f7bb14,wel055,2025-04-19,22:57:51,-07:00,2025-04-19T22:57:51-07:00,0,20
style.css,285,css,b1f7bb14,wel055,2025-04-19,22:57:51,-07:00,2025-04-19T22:57:51-07:00,0,0
style.css,286,css,b1f7bb14,wel055,2025-04-19,22:57:51,-07:00,2025-04-19T22:57:51-07:00,0,0
style.css,287,css,b1f7bb14,wel055,2025-04-19,22:57:51,-07:00,2025-04-19T22:57:51-07:00,0,38
style.css,288,css,b1f7bb14,wel055,2025-04-19,22:57:51,-07:00,2025-04-19T22:57:51-07:00,0,16
style.css,289,css,b1f7bb14,wel055,2025-04-19,22:57:51,-07:00,2025-04-19T22:57:51-07:00,0,14
style.css,290,css,b1f7bb14,wel055,2025-04-19,22:57:51,-07:00,2025-04-19T22:57:51-07:00,0,21
style.css,291,css,b1f7bb14,wel055,2025-04-19,22:57:51,-07:00,2025-04-19T22:57:51-07:00,0,20
style.css,292,css,b1f7bb14,wel055,2025-04-19,22:57:51,-07:00,2025-04-19T22:57:51-07:00,0,13
style.css,293,css,b1f7bb14,wel055,2025-04-19,22:57:51,-07:00,2025-04-19T22:57:51-07:00,0,15
style.css,294,css,b1f7bb14,wel055,2025-04-19,22:57:51,-07:00,2025-04-19T22:57:51-07:00,0,0
style.css,295,css,b1f7bb14,wel055,2025-04-19,22:57:51,-07:00,2025-04-19T22:57:51-07:00,0,0
style.css,296,css,b1f7bb14,wel055,2025-04-19,22:57:51,-07:00,2025-04-19T22:57:51-07:00,0,46
style.css,297,css,b1f7bb14,wel055,2025-04-19,22:57:51,-07:00,2025-04-19T22:57:51-07:00,0,16
style.css,298,css,b1f7bb14,wel055,2025-04-19,22:57:51,-07:00,2025-04-19T22:57:51-07:00,0,41
style.css,299,css,b1f7bb14,wel055,2025-04-19,22:57:51,-07:00,2025-04-19T22:57:51-07:00,0,32
style.css,300,css,b1f7bb14,wel055,2025-04-19,22:57:51,-07:00,2025-04-19T22:57:51-07:00,0,27
style.css,301,css,b1f7bb14,wel055,2025-04-19,22:57:51,-07:00,2025-04-19T22:57:51-07:00,0,0
style.css,302,css,b1f7bb14,wel055,2025-04-19,22:57:51,-07:00,2025-04-19T22:57:51-07:00,0,22
style.css,303,css,b1f7bb14,wel055,2025-04-19,22:57:51,-07:00,2025-04-19T22:57:51-07:00,0,32
style.css,304,css,b1f7bb14,wel055,2025-04-19,22:57:51,-07:00,2025-04-19T22:57:51-07:00,0,0
style.css,305,css,b823f935,wel055,2025-05-02,17:47:18,-07:00,2025-05-02T17:47:18-07:00,0,0
style.css,306,css,b823f935,wel055,2025-05-02,17:47:18,-07:00,2025-05-02T17:47:18-07:00,0,15
style.css,307,css,b823f935,wel055,2025-05-02,17:47:18,-07:00,2025-05-02T17:47:18-07:00,0,15
style.css,308,css,b823f935,wel055,2025-05-02,17:47:18,-07:00,2025-05-02T17:47:18-07:00,0,17
style.css,309,css,b823f935,wel055,2025-05-02,17:47:18,-07:00,2025-05-02T17:47:18-07:00,0,17
style.css,310,css,b823f935,wel055,2025-05-02,17:47:18,-07:00,2025-05-02T17:47:18-07:00,0,0
style.css,311,css,c943b805,wel055,2025-05-02,18:05:30,-07:00,2025-05-02T18:05:30-07:00,0,0
style.css,312,css,c943b805,wel055,2025-05-02,18:05:30,-07:00,2025-05-02T18:05:30-07:00,0,22
style.css,313,css,c943b805,wel055,2025-05-02,18:05:30,-07:00,2025-05-02T18:05:30-07:00,0,8
style.css,314,css,c943b805,wel055,2025-05-02,18:05:30,-07:00,2025-05-02T18:05:30-07:00,0,16
style.css,315,css,c943b805,wel055,2025-05-02,18:05:30,-07:00,2025-05-02T18:05:30-07:00,0,10
style.css,316,css,c943b805,wel055,2025-05-02,18:05:30,-07:00,2025-05-02T18:05:30-07:00,0,21
style.css,317,css,c943b805,wel055,2025-05-02,18:05:30,-07:00,2025-05-02T18:05:30-07:00,0,13
style.css,318,css,c943b805,wel055,2025-05-02,18:05:30,-07:00,2025-05-02T18:05:30-07:00,0,16
style.css,319,css,c943b805,wel055,2025-05-02,18:05:30,-07:00,2025-05-02T18:05:30-07:00,0,58
style.css,320,css,c943b805,wel055,2025-05-02,18:05:30,-07:00,2025-05-02T18:05:30-07:00,0,13
style.css,321,css,c943b805,wel055,2025-05-02,18:05:30,-07:00,2025-05-02T18:05:30-07:00,0,0
style.css,322,css,c943b805,wel055,2025-05-02,18:05:30,-07:00,2025-05-02T18:05:30-07:00,0,11
style.css,323,css,c943b805,wel055,2025-05-02,18:05:30,-07:00,2025-05-02T18:05:30-07:00,0,13
style.css,324,css,c943b805,wel055,2025-05-02,18:05:30,-07:00,2025-05-02T18:05:30-07:00,0,19
style.css,325,css,c943b805,wel055,2025-05-02,18:05:30,-07:00,2025-05-02T18:05:30-07:00,0,10
style.css,326,css,c943b805,wel055,2025-05-02,18:05:30,-07:00,2025-05-02T18:05:30-07:00,0,0
style.css,327,css,c943b805,wel055,2025-05-02,18:05:30,-07:00,2025-05-02T18:05:30-07:00,0,16
style.css,328,css,c943b805,wel055,2025-05-02,18:05:30,-07:00,2025-05-02T18:05:30-07:00,0,16
style.css,329,css,c943b805,wel055,2025-05-02,18:05:30,-07:00,2025-05-02T18:05:30-07:00,0,15
style.css,330,css,c943b805,wel055,2025-05-02,18:05:30,-07:00,2025-05-02T18:05:30-07:00,0,24
style.css,331,css,c943b805,wel055,2025-05-02,18:05:30,-07:00,2025-05-02T18:05:30-07:00,0,18
style.css,332,css,c943b805,wel055,2025-05-02,18:05:30,-07:00,2025-05-02T18:05:30-07:00,0,10
style.css,333,css,c943b805,wel055,2025-05-02,18:05:30,-07:00,2025-05-02T18:05:30-07:00,0,0
style.css,334,css,2e0dba81,wel055,2025-05-02,18:20:47,-07:00,2025-05-02T18:20:47-07:00,0,0
style.css,335,css,2e0dba81,wel055,2025-05-02,18:20:47,-07:00,2025-05-02T18:20:47-07:00,0,30
style.css,336,css,2e0dba81,wel055,2025-05-02,18:20:47,-07:00,2025-05-02T18:20:47-07:00,0,4
style.css,337,css,2e0dba81,wel055,2025-05-02,18:20:47,-07:00,2025-05-02T18:20:47-07:00,0,12
style.css,338,css,2e0dba81,wel055,2025-05-02,18:20:47,-07:00,2025-05-02T18:20:47-07:00,0,55
style.css,339,css,2e0dba81,wel055,2025-05-02,18:20:47,-07:00,2025-05-02T18:20:47-07:00,0,34
style.css,340,css,8d822a95,wel055,2025-05-02,20:30:21,-07:00,2025-05-02T20:30:21-07:00,0,15
style.css,341,css,2e0dba81,wel055,2025-05-02,18:20:47,-07:00,2025-05-02T18:20:47-07:00,0,0
style.css,342,css,2e0dba81,wel055,2025-05-02,18:20:47,-07:00,2025-05-02T18:20:47-07:00,0,0
style.css,343,css,2e0dba81,wel055,2025-05-02,18:20:47,-07:00,2025-05-02T18:20:47-07:00,0,21
style.css,344,css,2e0dba81,wel055,2025-05-02,18:20:47,-07:00,2025-05-02T18:20:47-07:00,0,14
style.css,345,css,2e0dba81,wel055,2025-05-02,18:20:47,-07:00,2025-05-02T18:20:47-07:00,0,15
style.css,346,css,2e0dba81,wel055,2025-05-02,18:20:47,-07:00,2025-05-02T18:20:47-07:00,0,16
style.css,347,css,2e0dba81,wel055,2025-05-02,18:20:47,-07:00,2025-05-02T18:20:47-07:00,0,16
style.css,348,css,2e0dba81,wel055,2025-05-02,18:20:47,-07:00,2025-05-02T18:20:47-07:00,0,0
style.css,349,css,2e0dba81,wel055,2025-05-02,18:20:47,-07:00,2025-05-02T18:20:47-07:00,0,0
style.css,350,css,2e0dba81,wel055,2025-05-02,18:20:47,-07:00,2025-05-02T18:20:47-07:00,0,24
style.css,351,css,2e0dba81,wel055,2025-05-02,18:20:47,-07:00,2025-05-02T18:20:47-07:00,0,7
style.css,352,css,8d822a95,wel055,2025-05-02,20:30:21,-07:00,2025-05-02T20:30:21-07:00,0,7
style.css,353,css,2e0dba81,wel055,2025-05-02,18:20:47,-07:00,2025-05-02T18:20:47-07:00,0,15
style.css,354,css,2e0dba81,wel055,2025-05-02,18:20:47,-07:00,2025-05-02T18:20:47-07:00,0,8
style.css,355,css,2e0dba81,wel055,2025-05-02,18:20:47,-07:00,2025-05-02T18:20:47-07:00,0,9
style.css,356,css,8d822a95,wel055,2025-05-02,20:30:21,-07:00,2025-05-02T20:30:21-07:00,0,13
style.css,357,css,2e0dba81,wel055,2025-05-02,18:20:47,-07:00,2025-05-02T18:20:47-07:00,0,55
style.css,358,css,2e0dba81,wel055,2025-05-02,18:20:47,-07:00,2025-05-02T18:20:47-07:00,0,8
style.css,359,css,2e0dba81,wel055,2025-05-02,18:20:47,-07:00,2025-05-02T18:20:47-07:00,0,0
style.css,360,css,2e0dba81,wel055,2025-05-02,18:20:47,-07:00,2025-05-02T18:20:47-07:00,0,0
style.css,361,css,2e0dba81,wel055,2025-05-02,18:20:47,-07:00,2025-05-02T18:20:47-07:00,0,10
style.css,362,css,8d822a95,wel055,2025-05-02,20:30:21,-07:00,2025-05-02T20:30:21-07:00,0,13
style.css,363,css,2e0dba81,wel055,2025-05-02,18:20:47,-07:00,2025-05-02T18:20:47-07:00,0,18
style.css,364,css,2e0dba81,wel055,2025-05-02,18:20:47,-07:00,2025-05-02T18:20:47-07:00,0,46
style.css,365,css,2e0dba81,wel055,2025-05-02,18:20:47,-07:00,2025-05-02T18:20:47-07:00,0,0
style.css,366,css,2e0dba81,wel055,2025-05-02,18:20:47,-07:00,2025-05-02T18:20:47-07:00,0,0
style.css,367,css,2e0dba81,wel055,2025-05-02,18:20:47,-07:00,2025-05-02T18:20:47-07:00,0,20
style.css,368,css,2e0dba81,wel055,2025-05-02,18:20:47,-07:00,2025-05-02T18:20:47-07:00,0,15
style.css,369,css,2e0dba81,wel055,2025-05-02,18:20:47,-07:00,2025-05-02T18:20:47-07:00,0,9
style.css,370,css,2e0dba81,wel055,2025-05-02,18:20:47,-07:00,2025-05-02T18:20:47-07:00,0,16
style.css,371,css,2e0dba81,wel055,2025-05-02,18:20:47,-07:00,2025-05-02T18:20:47-07:00,0,23
style.css,372,css,2e0dba81,wel055,2025-05-02,18:20:47,-07:00,2025-05-02T18:20:47-07:00,0,39
style.css,373,css,2e0dba81,wel055,2025-05-02,18:20:47,-07:00,2025-05-02T18:20:47-07:00,0,20
style.css,374,css,6b1150b4,wel055,2025-05-02,18:33:00,-07:00,2025-05-02T18:33:00-07:00,0,0
style.css,375,css,8d822a95,wel055,2025-05-02,20:30:21,-07:00,2025-05-02T20:30:21-07:00,0,0
style.css,376,css,8d822a95,wel055,2025-05-02,20:30:21,-07:00,2025-05-02T20:30:21-07:00,0,70
style.css,377,css,8d822a95,wel055,2025-05-02,20:30:21,-07:00,2025-05-02T20:30:21-07:00,0,19
style.css,378,css,8d822a95,wel055,2025-05-02,20:30:21,-07:00,2025-05-02T20:30:21-07:00,0,23
style.css,379,css,8d822a95,wel055,2025-05-02,20:30:21,-07:00,2025-05-02T20:30:21-07:00,0,0
style.css,380,css,8d822a95,wel055,2025-05-02,20:30:21,-07:00,2025-05-02T20:30:21-07:00,0,0
style.css,381,css,8d822a95,wel055,2025-05-02,20:30:21,-07:00,2025-05-02T20:30:21-07:00,0,70
style.css,382,css,8d822a95,wel055,2025-05-02,20:30:21,-07:00,2025-05-02T20:30:21-07:00,0,47
style.css,383,css,8d822a95,wel055,2025-05-02,20:30:21,-07:00,2025-05-02T20:30:21-07:00,0,61
style.css,384,css,8d822a95,wel055,2025-05-02,20:30:21,-07:00,2025-05-02T20:30:21-07:00,0,0
style.css,385,css,8d822a95,wel055,2025-05-02,20:30:21,-07:00,2025-05-02T20:30:21-07:00,0,0
style.css,386,css,8d822a95,wel055,2025-05-02,20:30:21,-07:00,2025-05-02T20:30:21-07:00,0,45
style.css,387,css,8d822a95,wel055,2025-05-02,20:30:21,-07:00,2025-05-02T20:30:21-07:00,0,9
style.css,388,css,8d822a95,wel055,2025-05-02,20:30:21,-07:00,2025-05-02T20:30:21-07:00,0,60
style.css,389,css,8d822a95,wel055,2025-05-02,20:30:21,-07:00,2025-05-02T20:30:21-07:00,0,60
style.css,390,css,8d822a95,wel055,2025-05-02,20:30:21,-07:00,2025-05-02T20:30:21-07:00,0,0
index.js,1,js,71340e9b,wel055,2025-04-26,23:23:56,-07:00,2025-04-26T23:23:56-07:00,0,72
index.js,2,js,ea571118,wel055,2025-04-26,18:24:49,-07:00,2025-04-26T18:24:49-07:00,0,0
index.js,3,js,ea571118,wel055,2025-04-26,18:24:49,-07:00,2025-04-26T18:24:49-07:00,0,26
index.js,4,js,ea571118,wel055,2025-04-26,18:24:49,-07:00,2025-04-26T18:24:49-07:00,0,55
index.js,5,js,ea571118,wel055,2025-04-26,18:24:49,-07:00,2025-04-26T18:24:49-07:00,0,0
index.js,6,js,ea571118,wel055,2025-04-26,18:24:49,-07:00,2025-04-26T18:24:49-07:00,0,34
index.js,7,js,ea571118,wel055,2025-04-26,18:24:49,-07:00,2025-04-26T18:24:49-07:00,0,43
index.js,8,js,ea571118,wel055,2025-04-26,18:24:49,-07:00,2025-04-26T18:24:49-07:00,0,0
index.js,9,js,ea571118,wel055,2025-04-26,18:24:49,-07:00,2025-04-26T18:24:49-07:00,0,44
index.js,10,js,ea571118,wel055,2025-04-26,18:24:49,-07:00,2025-04-26T18:24:49-07:00,0,61
index.js,11,js,ea571118,wel055,2025-04-26,18:24:49,-07:00,2025-04-26T18:24:49-07:00,0,0
index.js,12,js,ea571118,wel055,2025-04-26,18:24:49,-07:00,2025-04-26T18:24:49-07:00,0,20
index.js,13,js,1db9e7b2,wel055,2025-04-26,22:46:57,-07:00,2025-04-26T22:46:57-07:00,0,55
index.js,14,js,1db9e7b2,wel055,2025-04-26,22:46:57,-07:00,2025-04-26T22:46:57-07:00,0,0
index.js,15,js,c80bd108,wel055,2025-04-26,23:00:41,-07:00,2025-04-26T23:00:41-07:00,0,50
index.js,16,js,1db9e7b2,wel055,2025-04-26,22:46:57,-07:00,2025-04-26T22:46:57-07:00,0,0
index.js,17,js,1db9e7b2,wel055,2025-04-26,22:46:57,-07:00,2025-04-26T22:46:57-07:00,0,80
index.js,18,js,1db9e7b2,wel055,2025-04-26,22:46:57,-07:00,2025-04-26T22:46:57-07:00,0,25
index.js,19,js,1db9e7b2,wel055,2025-04-26,22:46:57,-07:00,2025-04-26T22:46:57-07:00,0,3
index.js,20,js,1db9e7b2,wel055,2025-04-26,22:46:57,-07:00,2025-04-26T22:46:57-07:00,0,57
index.js,21,js,1db9e7b2,wel055,2025-04-26,22:46:57,-07:00,2025-04-26T22:46:57-07:00,0,57
index.js,22,js,1db9e7b2,wel055,2025-04-26,22:46:57,-07:00,2025-04-26T22:46:57-07:00,0,54
index.js,23,js,1db9e7b2,wel055,2025-04-26,22:46:57,-07:00,2025-04-26T22:46:57-07:00,0,54
index.js,24,js,1db9e7b2,wel055,2025-04-26,22:46:57,-07:00,2025-04-26T22:46:57-07:00,0,4
index.js,25,js,1db9e7b2,wel055,2025-04-26,22:46:57,-07:00,2025-04-26T22:46:57-07:00,0,1
index.js,26,js,1db9e7b2,wel055,2025-04-26,22:46:57,-07:00,2025-04-26T22:46:57-07:00,0,0
index.js,27,js,1db9e7b2,wel055,2025-04-26,22:46:57,-07:00,2025-04-26T22:46:57-07:00,0,0
index.html,1,html,8f3d3fab,wel055,2025-04-04,01:25:40,-07:00,2025-04-04T01:25:40-07:00,0,14
index.html,2,html,8f3d3fab,wel055,2025-04-04,01:25:40,-07:00,2025-04-04T01:25:40-07:00,0,15
index.html,3,html,8f3d3fab,wel055,2025-04-04,01:25:40,-07:00,2025-04-04T01:25:40-07:00,0,5
index.html,4,html,3a93988b,wel055,2025-04-04,14:21:57,-07:00,2025-04-04T14:21:57-07:00,0,21
index.html,5,html,3a93988b,wel055,2025-04-04,14:21:57,-07:00,2025-04-04T14:21:57-07:00,0,29
index.html,6,html,3a93988b,wel055,2025-04-04,14:21:57,-07:00,2025-04-04T14:21:57-07:00,0,52
index.html,7,html,3a93988b,wel055,2025-04-04,14:21:57,-07:00,2025-04-04T14:21:57-07:00,0,39
index.html,8,html,8f3d3fab,wel055,2025-04-04,01:25:40,-07:00,2025-04-04T01:25:40-07:00,0,6
index.html,9,html,8f3d3fab,wel055,2025-04-04,01:25:40,-07:00,2025-04-04T01:25:40-07:00,0,5
index.html,10,html,98f3169d,wel055,2025-04-18,22:51:49,-07:00,2025-04-18T22:51:49-07:00,0,3
index.html,11,html,98f3169d,wel055,2025-04-18,22:51:49,-07:00,2025-04-18T22:51:49-07:00,0,4
index.html,12,html,98f3169d,wel055,2025-04-18,22:51:49,-07:00,2025-04-18T22:51:49-07:00,0,3
index.html,13,html,98f3169d,wel055,2025-04-18,22:51:49,-07:00,2025-04-18T22:51:49-07:00,0,37
index.html,14,html,98f3169d,wel055,2025-04-18,22:51:49,-07:00,2025-04-18T22:51:49-07:00,0,50
index.html,15,html,98f3169d,wel055,2025-04-18,22:51:49,-07:00,2025-04-18T22:51:49-07:00,0,38
index.html,16,html,98f3169d,wel055,2025-04-18,22:51:49,-07:00,2025-04-18T22:51:49-07:00,0,48
index.html,17,html,98f3169d,wel055,2025-04-18,22:51:49,-07:00,2025-04-18T22:51:49-07:00,0,82
index.html,18,html,98f3169d,wel055,2025-04-18,22:51:49,-07:00,2025-04-18T22:51:49-07:00,0,4
index.html,19,html,98f3169d,wel055,2025-04-18,22:51:49,-07:00,2025-04-18T22:51:49-07:00,0,5
index.html,20,html,98f3169d,wel055,2025-04-18,22:51:49,-07:00,2025-04-18T22:51:49-07:00,0,2
index.html,21,html,3a93988b,wel055,2025-04-04,14:21:57,-07:00,2025-04-04T14:21:57-07:00,0,20
index.html,22,html,e293284d,wel055,2025-04-04,21:57:30,-07:00,2025-04-04T21:57:30-07:00,0,19
index.html,23,html,094b32cc,wel055,2025-04-11,23:22:41,-07:00,2025-04-11T23:22:41-07:00,0,147
index.html,24,html,3a93988b,wel055,2025-04-04,14:21:57,-07:00,2025-04-04T14:21:57-07:00,0,80
index.html,25,html,c68df23e,wel055,2025-04-26,23:03:09,-07:00,2025-04-26T23:03:09-07:00,0,46
index.html,26,html,71340e9b,wel055,2025-04-26,23:23:56,-07:00,2025-04-26T23:23:56-07:00,0,0
index.html,27,html,8f3d3fab,wel055,2025-04-04,01:25:40,-07:00,2025-04-04T01:25:40-07:00,0,6
index.html,28,html,ea571118,wel055,2025-04-26,18:24:49,-07:00,2025-04-26T18:24:49-07:00,0,6
index.html,29,html,ea571118,wel055,2025-04-26,18:24:49,-07:00,2025-04-26T18:24:49-07:00,0,0
index.html,30,html,71340e9b,wel055,2025-04-26,23:23:56,-07:00,2025-04-26T23:23:56-07:00,0,54
index.html,31,html,ea571118,wel055,2025-04-26,18:24:49,-07:00,2025-04-26T18:24:49-07:00,0,51
index.html,32,html,71340e9b,wel055,2025-04-26,23:23:56,-07:00,2025-04-26T23:23:56-07:00,0,52
index.html,33,html,ea571118,wel055,2025-04-26,18:24:49,-07:00,2025-04-26T18:24:49-07:00,0,0
index.html,34,html,ea571118,wel055,2025-04-26,18:24:49,-07:00,2025-04-26T18:24:49-07:00,0,23
index.html,35,html,ea571118,wel055,2025-04-26,18:24:49,-07:00,2025-04-26T18:24:49-07:00,0,21
index.html,36,html,ea571118,wel055,2025-04-26,18:24:49,-07:00,2025-04-26T18:24:49-07:00,0,50
index.html,37,html,1db9e7b2,wel055,2025-04-26,22:46:57,-07:00,2025-04-26T22:46:57-07:00,0,5
index.html,38,html,1db9e7b2,wel055,2025-04-26,22:46:57,-07:00,2025-04-26T22:46:57-07:00,0,0
index.html,39,html,1db9e7b2,wel055,2025-04-26,22:46:57,-07:00,2025-04-26T22:46:57-07:00,0,23
index.html,40,html,1db9e7b2,wel055,2025-04-26,22:46:57,-07:00,2025-04-26T22:46:57-07:00,0,29
global.js,1,js,aa67508d,wel055,2025-04-18,22:35:44,-07:00,2025-04-18T22:35:44-07:00,0,61
global.js,2,js,14804f25,wel055,2025-04-18,21:59:02,-07:00,2025-04-18T21:59:02-07:00,0,0
global.js,3,js,aa67508d,wel055,2025-04-18,22:35:44,-07:00,2025-04-18T22:35:44-07:00,0,26
global.js,4,js,aa67508d,wel055,2025-04-18,22:35:44,-07:00,2025-04-18T22:35:44-07:00,0,0
global.js,5,js,aa67508d,wel055,2025-04-18,22:35:44,-07:00,2025-04-18T22:35:44-07:00,0,68
global.js,6,js,aa67508d,wel055,2025-04-18,22:35:44,-07:00,2025-04-18T22:35:44-07:00,0,49
global.js,7,js,14804f25,wel055,2025-04-18,21:59:02,-07:00,2025-04-18T21:59:02-07:00,0,53
global.js,8,js,aa67508d,wel055,2025-04-18,22:35:44,-07:00,2025-04-18T22:35:44-07:00,0,0
global.js,9,js,aa67508d,wel055,2025-04-18,22:35:44,-07:00,2025-04-18T22:35:44-07:00,0,0
global.js,10,js,aa67508d,wel055,2025-04-18,22:35:44,-07:00,2025-04-18T22:35:44-07:00,0,71
global.js,11,js,aa67508d,wel055,2025-04-18,22:35:44,-07:00,2025-04-18T22:35:44-07:00,0,0
global.js,12,js,aa67508d,wel055,2025-04-18,22:35:44,-07:00,2025-04-18T22:35:44-07:00,0,35
global.js,13,js,aa67508d,wel055,2025-04-18,22:35:44,-07:00,2025-04-18T22:35:44-07:00,0,28
global.js,14,js,aa67508d,wel055,2025-04-18,22:35:44,-07:00,2025-04-18T22:35:44-07:00,0,0
global.js,15,js,aa67508d,wel055,2025-04-18,22:35:44,-07:00,2025-04-18T22:35:44-07:00,0,77
global.js,16,js,aa67508d,wel055,2025-04-18,22:35:44,-07:00,2025-04-18T22:35:44-07:00,0,21
global.js,17,js,aa67508d,wel055,2025-04-18,22:35:44,-07:00,2025-04-18T22:35:44-07:00,0,92
global.js,18,js,aa67508d,wel055,2025-04-18,22:35:44,-07:00,2025-04-18T22:35:44-07:00,0,0
global.js,19,js,aa67508d,wel055,2025-04-18,22:35:44,-07:00,2025-04-18T22:35:44-07:00,0,66
global.js,20,js,aa67508d,wel055,2025-04-18,22:35:44,-07:00,2025-04-18T22:35:44-07:00,0,37
global.js,21,js,aa67508d,wel055,2025-04-18,22:35:44,-07:00,2025-04-18T22:35:44-07:00,0,26
global.js,22,js,aa67508d,wel055,2025-04-18,22:35:44,-07:00,2025-04-18T22:35:44-07:00,0,67
global.js,23,js,aa67508d,wel055,2025-04-18,22:35:44,-07:00,2025-04-18T22:35:44-07:00,0,1
global.js,24,js,aa67508d,wel055,2025-04-18,22:35:44,-07:00,2025-04-18T22:35:44-07:00,0,0
global.js,25,js,aa67508d,wel055,2025-04-18,22:35:44,-07:00,2025-04-18T22:35:44-07:00,0,59
global.js,26,js,aa67508d,wel055,2025-04-18,22:35:44,-07:00,2025-04-18T22:35:44-07:00,0,37
global.js,27,js,98f3169d,wel055,2025-04-18,22:51:49,-07:00,2025-04-18T22:51:49-07:00,0,0
global.js,28,js,98f3169d,wel055,2025-04-18,22:51:49,-07:00,2025-04-18T22:51:49-07:00,0,41
global.js,29,js,98f3169d,wel055,2025-04-18,22:51:49,-07:00,2025-04-18T22:51:49-07:00,0,14
global.js,30,js,98f3169d,wel055,2025-04-18,22:51:49,-07:00,2025-04-18T22:51:49-07:00,0,41
global.js,31,js,98f3169d,wel055,2025-04-18,22:51:49,-07:00,2025-04-18T22:51:49-07:00,0,41
global.js,32,js,98f3169d,wel055,2025-04-18,22:51:49,-07:00,2025-04-18T22:51:49-07:00,0,41
global.js,33,js,98f3169d,wel055,2025-04-18,22:51:49,-07:00,2025-04-18T22:51:49-07:00,0,41
global.js,34,js,00000000,Not Committed Yet,2025-05-09,07:32:35,-07:00,2025-05-09T07:32:35-07:00,0,39
global.js,35,js,98f3169d,wel055,2025-04-18,22:51:49,-07:00,2025-04-18T22:51:49-07:00,0,64
global.js,36,js,98f3169d,wel055,2025-04-18,22:51:49,-07:00,2025-04-18T22:51:49-07:00,0,1
global.js,37,js,98f3169d,wel055,2025-04-18,22:51:49,-07:00,2025-04-18T22:51:49-07:00,0,0
global.js,38,js,98f3169d,wel055,2025-04-18,22:51:49,-07:00,2025-04-18T22:51:49-07:00,0,73
global.js,39,js,98f3169d,wel055,2025-04-18,22:51:49,-07:00,2025-04-18T22:51:49-07:00,0,16
global.js,40,js,98f3169d,wel055,2025-04-18,22:51:49,-07:00,2025-04-18T22:51:49-07:00,0,69
global.js,41,js,98f3169d,wel055,2025-04-18,22:51:49,-07:00,2025-04-18T22:51:49-07:00,0,46
global.js,42,js,98f3169d,wel055,2025-04-18,22:51:49,-07:00,2025-04-18T22:51:49-07:00,0,62
global.js,43,js,98f3169d,wel055,2025-04-18,22:51:49,-07:00,2025-04-18T22:51:49-07:00,0,0
global.js,44,js,98f3169d,wel055,2025-04-18,22:51:49,-07:00,2025-04-18T22:51:49-07:00,0,48
global.js,45,js,98f3169d,wel055,2025-04-18,22:51:49,-07:00,2025-04-18T22:51:49-07:00,0,72
global.js,46,js,98f3169d,wel055,2025-04-18,22:51:49,-07:00,2025-04-18T22:51:49-07:00,0,0
global.js,47,js,98f3169d,wel055,2025-04-18,22:51:49,-07:00,2025-04-18T22:51:49-07:00,0,60
global.js,48,js,98f3169d,wel055,2025-04-18,22:51:49,-07:00,2025-04-18T22:51:49-07:00,0,41
global.js,49,js,98f3169d,wel055,2025-04-18,22:51:49,-07:00,2025-04-18T22:51:49-07:00,0,26
global.js,50,js,98f3169d,wel055,2025-04-18,22:51:49,-07:00,2025-04-18T22:51:49-07:00,0,0
global.js,51,js,98f3169d,wel055,2025-04-18,22:51:49,-07:00,2025-04-18T22:51:49-07:00,0,19
global.js,52,js,98f3169d,wel055,2025-04-18,22:51:49,-07:00,2025-04-18T22:51:49-07:00,0,44
global.js,53,js,98f3169d,wel055,2025-04-18,22:51:49,-07:00,2025-04-18T22:51:49-07:00,0,46
global.js,54,js,98f3169d,wel055,2025-04-18,22:51:49,-07:00,2025-04-18T22:51:49-07:00,0,67
global.js,55,js,98f3169d,wel055,2025-04-18,22:51:49,-07:00,2025-04-18T22:51:49-07:00,0,0
global.js,56,js,98f3169d,wel055,2025-04-18,22:51:49,-07:00,2025-04-18T22:51:49-07:00,0,37
global.js,57,js,98f3169d,wel055,2025-04-18,22:51:49,-07:00,2025-04-18T22:51:49-07:00,0,12
global.js,58,js,98f3169d,wel055,2025-04-18,22:51:49,-07:00,2025-04-18T22:51:49-07:00,0,21
global.js,59,js,98f3169d,wel055,2025-04-18,22:51:49,-07:00,2025-04-18T22:51:49-07:00,0,0
global.js,60,js,98f3169d,wel055,2025-04-18,22:51:49,-07:00,2025-04-18T22:51:49-07:00,0,37
global.js,61,js,98f3169d,wel055,2025-04-18,22:51:49,-07:00,2025-04-18T22:51:49-07:00,0,49
global.js,62,js,98f3169d,wel055,2025-04-18,22:51:49,-07:00,2025-04-18T22:51:49-07:00,0,0
global.js,63,js,98f3169d,wel055,2025-04-18,22:51:49,-07:00,2025-04-18T22:51:49-07:00,0,36
global.js,64,js,98f3169d,wel055,2025-04-18,22:51:49,-07:00,2025-04-18T22:51:49-07:00,0,92
global.js,65,js,98f3169d,wel055,2025-04-18,22:51:49,-07:00,2025-04-18T22:51:49-07:00,0,26
global.js,66,js,98f3169d,wel055,2025-04-18,22:51:49,-07:00,2025-04-18T22:51:49-07:00,0,0
global.js,67,js,98f3169d,wel055,2025-04-18,22:51:49,-07:00,2025-04-18T22:51:49-07:00,0,0
global.js,68,js,98f3169d,wel055,2025-04-18,22:51:49,-07:00,2025-04-18T22:51:49-07:00,0,13
global.js,69,js,98f3169d,wel055,2025-04-18,22:51:49,-07:00,2025-04-18T22:51:49-07:00,0,0
global.js,70,js,98f3169d,wel055,2025-04-18,22:51:49,-07:00,2025-04-18T22:51:49-07:00,0,0
global.js,71,js,98f3169d,wel055,2025-04-18,22:51:49,-07:00,2025-04-18T22:51:49-07:00,0,61
global.js,72,js,98f3169d,wel055,2025-04-18,22:51:49,-07:00,2025-04-18T22:51:49-07:00,0,59
global.js,73,js,98f3169d,wel055,2025-04-18,22:51:49,-07:00,2025-04-18T22:51:49-07:00,0,26
global.js,74,js,98f3169d,wel055,2025-04-18,22:51:49,-07:00,2025-04-18T22:51:49-07:00,0,22
global.js,75,js,d1532439,wel055,2025-04-18,23:32:09,-07:00,2025-04-18T23:32:09-07:00,0,0
global.js,76,js,d1532439,wel055,2025-04-18,23:32:09,-07:00,2025-04-18T23:32:09-07:00,0,61
global.js,77,js,d1532439,wel055,2025-04-18,23:32:09,-07:00,2025-04-18T23:32:09-07:00,0,32
global.js,78,js,d1532439,wel055,2025-04-18,23:32:09,-07:00,2025-04-18T23:32:09-07:00,0,12
global.js,79,js,d1532439,wel055,2025-04-18,23:32:09,-07:00,2025-04-18T23:32:09-07:00,0,0
global.js,80,js,d1532439,wel055,2025-04-18,23:32:09,-07:00,2025-04-18T23:32:09-07:00,0,27
global.js,81,js,d1532439,wel055,2025-04-18,23:32:09,-07:00,2025-04-18T23:32:09-07:00,0,5
global.js,82,js,d1532439,wel055,2025-04-18,23:32:09,-07:00,2025-04-18T23:32:09-07:00,0,7
global.js,83,js,d1532439,wel055,2025-04-18,23:32:09,-07:00,2025-04-18T23:32:09-07:00,0,38
global.js,84,js,d1532439,wel055,2025-04-18,23:32:09,-07:00,2025-04-18T23:32:09-07:00,0,35
global.js,85,js,d1532439,wel055,2025-04-18,23:32:09,-07:00,2025-04-18T23:32:09-07:00,0,33
global.js,86,js,d1532439,wel055,2025-04-18,23:32:09,-07:00,2025-04-18T23:32:09-07:00,0,8
global.js,87,js,d1532439,wel055,2025-04-18,23:32:09,-07:00,2025-04-18T23:32:09-07:00,0,8
global.js,88,js,d1532439,wel055,2025-04-18,23:32:09,-07:00,2025-04-18T23:32:09-07:00,0,1
global.js,89,js,d1532439,wel055,2025-04-18,23:32:09,-07:00,2025-04-18T23:32:09-07:00,0,0
global.js,90,js,d1532439,wel055,2025-04-18,23:32:09,-07:00,2025-04-18T23:32:09-07:00,0,61
global.js,91,js,d1532439,wel055,2025-04-18,23:32:09,-07:00,2025-04-18T23:32:09-07:00,0,0
global.js,92,js,d1532439,wel055,2025-04-18,23:32:09,-07:00,2025-04-18T23:32:09-07:00,0,53
global.js,93,js,d1532439,wel055,2025-04-18,23:32:09,-07:00,2025-04-18T23:32:09-07:00,0,48
global.js,94,js,d1532439,wel055,2025-04-18,23:32:09,-07:00,2025-04-18T23:32:09-07:00,0,20
global.js,95,js,d1532439,wel055,2025-04-18,23:32:09,-07:00,2025-04-18T23:32:09-07:00,0,18
global.js,96,js,d1532439,wel055,2025-04-18,23:32:09,-07:00,2025-04-18T23:32:09-07:00,0,0
global.js,97,js,d1532439,wel055,2025-04-18,23:32:09,-07:00,2025-04-18T23:32:09-07:00,0,48
global.js,98,js,d1532439,wel055,2025-04-18,23:32:09,-07:00,2025-04-18T23:32:09-07:00,0,38
global.js,99,js,d1532439,wel055,2025-04-18,23:32:09,-07:00,2025-04-18T23:32:09-07:00,0,65
global.js,100,js,d1532439,wel055,2025-04-18,23:32:09,-07:00,2025-04-18T23:32:09-07:00,0,47
global.js,101,js,d1532439,wel055,2025-04-18,23:32:09,-07:00,2025-04-18T23:32:09-07:00,0,17
global.js,102,js,d1532439,wel055,2025-04-18,23:32:09,-07:00,2025-04-18T23:32:09-07:00,0,2
global.js,103,js,d1532439,wel055,2025-04-18,23:32:09,-07:00,2025-04-18T23:32:09-07:00,0,0
global.js,104,js,d1532439,wel055,2025-04-18,23:32:09,-07:00,2025-04-18T23:32:09-07:00,0,52
global.js,105,js,d1532439,wel055,2025-04-18,23:32:09,-07:00,2025-04-18T23:32:09-07:00,0,27
global.js,106,js,d1532439,wel055,2025-04-18,23:32:09,-07:00,2025-04-18T23:32:09-07:00,0,48
global.js,107,js,d1532439,wel055,2025-04-18,23:32:09,-07:00,2025-04-18T23:32:09-07:00,0,21
global.js,108,js,d1532439,wel055,2025-04-18,23:32:09,-07:00,2025-04-18T23:32:09-07:00,0,67
global.js,109,js,d1532439,wel055,2025-04-18,23:32:09,-07:00,2025-04-18T23:32:09-07:00,0,7
global.js,110,js,d1532439,wel055,2025-04-18,23:32:09,-07:00,2025-04-18T23:32:09-07:00,0,66
global.js,111,js,d1532439,wel055,2025-04-18,23:32:09,-07:00,2025-04-18T23:32:09-07:00,0,0
global.js,112,js,0c1f427e,wel055,2025-04-26,15:12:42,-07:00,2025-04-26T15:12:42-07:00,0,0
global.js,113,js,0c1f427e,wel055,2025-04-26,15:12:42,-07:00,2025-04-26T15:12:42-07:00,0,0
global.js,114,js,0c1f427e,wel055,2025-04-26,15:12:42,-07:00,2025-04-26T15:12:42-07:00,0,63
global.js,115,js,0c1f427e,wel055,2025-04-26,15:12:42,-07:00,2025-04-26T15:12:42-07:00,0,0
global.js,116,js,0c1f427e,wel055,2025-04-26,15:12:42,-07:00,2025-04-26T15:12:42-07:00,0,37
global.js,117,js,0c1f427e,wel055,2025-04-26,15:12:42,-07:00,2025-04-26T15:12:42-07:00,0,4
global.js,118,js,0c1f427e,wel055,2025-04-26,15:12:42,-07:00,2025-04-26T15:12:42-07:00,0,54
global.js,119,js,0c1f427e,wel055,2025-04-26,15:12:42,-07:00,2025-04-26T15:12:42-07:00,0,62
global.js,120,js,0c1f427e,wel055,2025-04-26,15:12:42,-07:00,2025-04-26T15:12:42-07:00,0,67
global.js,121,js,0c1f427e,wel055,2025-04-26,15:12:42,-07:00,2025-04-26T15:12:42-07:00,0,0
global.js,122,js,0c1f427e,wel055,2025-04-26,15:12:42,-07:00,2025-04-26T15:12:42-07:00,0,59
global.js,123,js,0c1f427e,wel055,2025-04-26,15:12:42,-07:00,2025-04-26T15:12:42-07:00,0,11
global.js,124,js,0c1f427e,wel055,2025-04-26,15:12:42,-07:00,2025-04-26T15:12:42-07:00,0,16
global.js,125,js,0c1f427e,wel055,2025-04-26,15:12:42,-07:00,2025-04-26T15:12:42-07:00,0,60
global.js,126,js,0c1f427e,wel055,2025-04-26,15:12:42,-07:00,2025-04-26T15:12:42-07:00,0,0
global.js,127,js,0c1f427e,wel055,2025-04-26,15:12:42,-07:00,2025-04-26T15:12:42-07:00,0,0
global.js,128,js,0c1f427e,wel055,2025-04-26,15:12:42,-07:00,2025-04-26T15:12:42-07:00,0,0
global.js,129,js,0c1f427e,wel055,2025-04-26,15:12:42,-07:00,2025-04-26T15:12:42-07:00,0,34
global.js,130,js,0c1f427e,wel055,2025-04-26,15:12:42,-07:00,2025-04-26T15:12:42-07:00,0,60
global.js,131,js,0c1f427e,wel055,2025-04-26,15:12:42,-07:00,2025-04-26T15:12:42-07:00,0,47
global.js,132,js,0c1f427e,wel055,2025-04-26,15:12:42,-07:00,2025-04-26T15:12:42-07:00,0,58
global.js,133,js,0c1f427e,wel055,2025-04-26,15:12:42,-07:00,2025-04-26T15:12:42-07:00,0,53
global.js,134,js,0c1f427e,wel055,2025-04-26,15:12:42,-07:00,2025-04-26T15:12:42-07:00,0,22
global.js,135,js,0c1f427e,wel055,2025-04-26,15:12:42,-07:00,2025-04-26T15:12:42-07:00,0,0
global.js,136,js,0c1f427e,wel055,2025-04-26,15:12:42,-07:00,2025-04-26T15:12:42-07:00,0,23
global.js,137,js,0c1f427e,wel055,2025-04-26,15:12:42,-07:00,2025-04-26T15:12:42-07:00,0,50
global.js,138,js,0c1f427e,wel055,2025-04-26,15:12:42,-07:00,2025-04-26T15:12:42-07:00,0,28
global.js,139,js,0c1f427e,wel055,2025-04-26,15:12:42,-07:00,2025-04-26T15:12:42-07:00,0,11
global.js,140,js,0c1f427e,wel055,2025-04-26,15:12:42,-07:00,2025-04-26T15:12:42-07:00,0,9
global.js,141,js,0c1f427e,wel055,2025-04-26,15:12:42,-07:00,2025-04-26T15:12:42-07:00,0,16
global.js,142,js,0c1f427e,wel055,2025-04-26,15:12:42,-07:00,2025-04-26T15:12:42-07:00,0,26
global.js,143,js,0c1f427e,wel055,2025-04-26,15:12:42,-07:00,2025-04-26T15:12:42-07:00,0,20
global.js,144,js,0c1f427e,wel055,2025-04-26,15:12:42,-07:00,2025-04-26T15:12:42-07:00,0,10
global.js,145,js,0c1f427e,wel055,2025-04-26,15:12:42,-07:00,2025-04-26T15:12:42-07:00,0,1
global.js,146,js,0c1f427e,wel055,2025-04-26,15:12:42,-07:00,2025-04-26T15:12:42-07:00,0,0
global.js,147,js,0c1f427e,wel055,2025-04-26,15:12:42,-07:00,2025-04-26T15:12:42-07:00,0,2
global.js,148,js,a1b6002a,wel055,2025-04-26,15:26:17,-07:00,2025-04-26T15:26:17-07:00,0,0
global.js,149,js,a1b6002a,wel055,2025-04-26,15:26:17,-07:00,2025-04-26T15:26:17-07:00,0,0
global.js,150,js,a1b6002a,wel055,2025-04-26,15:26:17,-07:00,2025-04-26T15:26:17-07:00,0,74
global.js,151,js,a1b6002a,wel055,2025-04-26,15:26:17,-07:00,2025-04-26T15:26:17-07:00,0,80
global.js,152,js,a1b6002a,wel055,2025-04-26,15:26:17,-07:00,2025-04-26T15:26:17-07:00,0,57
global.js,153,js,a1b6002a,wel055,2025-04-26,15:26:17,-07:00,2025-04-26T15:26:17-07:00,0,0
global.js,154,js,a1b6002a,wel055,2025-04-26,15:26:17,-07:00,2025-04-26T15:26:17-07:00,0,31
global.js,155,js,a1b6002a,wel055,2025-04-26,15:26:17,-07:00,2025-04-26T15:26:17-07:00,0,31
global.js,156,js,a1b6002a,wel055,2025-04-26,15:26:17,-07:00,2025-04-26T15:26:17-07:00,0,0
global.js,157,js,a1b6002a,wel055,2025-04-26,15:26:17,-07:00,2025-04-26T15:26:17-07:00,0,45
global.js,158,js,a1b6002a,wel055,2025-04-26,15:26:17,-07:00,2025-04-26T15:26:17-07:00,0,32
global.js,159,js,a1b6002a,wel055,2025-04-26,15:26:17,-07:00,2025-04-26T15:26:17-07:00,0,49
global.js,160,js,a1b6002a,wel055,2025-04-26,15:26:17,-07:00,2025-04-26T15:26:17-07:00,0,0
global.js,161,js,a1b6002a,wel055,2025-04-26,15:26:17,-07:00,2025-04-26T15:26:17-07:00,0,37
global.js,162,js,a1b6002a,wel055,2025-04-26,15:26:17,-07:00,2025-04-26T15:26:17-07:00,0,20
global.js,163,js,a1b6002a,wel055,2025-04-26,15:26:17,-07:00,2025-04-26T15:26:17-07:00,0,50
global.js,164,js,a1b6002a,wel055,2025-04-26,15:26:17,-07:00,2025-04-26T15:26:17-07:00,0,50
global.js,165,js,a1b6002a,wel055,2025-04-26,15:26:17,-07:00,2025-04-26T15:26:17-07:00,0,28
global.js,166,js,a1b6002a,wel055,2025-04-26,15:26:17,-07:00,2025-04-26T15:26:17-07:00,0,1
global.js,167,js,a1b6002a,wel055,2025-04-26,15:26:17,-07:00,2025-04-26T15:26:17-07:00,0,0
global.js,168,js,a1b6002a,wel055,2025-04-26,15:26:17,-07:00,2025-04-26T15:26:17-07:00,0,32
global.js,169,js,a1b6002a,wel055,2025-04-26,15:26:17,-07:00,2025-04-26T15:26:17-07:00,0,37
global.js,170,js,a1b6002a,wel055,2025-04-26,15:26:17,-07:00,2025-04-26T15:26:17-07:00,0,0
global.js,171,js,1db9e7b2,wel055,2025-04-26,22:46:57,-07:00,2025-04-26T22:46:57-07:00,0,0
global.js,172,js,1db9e7b2,wel055,2025-04-26,22:46:57,-07:00,2025-04-26T22:46:57-07:00,0,0
global.js,173,js,1db9e7b2,wel055,2025-04-26,22:46:57,-07:00,2025-04-26T22:46:57-07:00,0,46
global.js,174,js,1db9e7b2,wel055,2025-04-26,22:46:57,-07:00,2025-04-26T22:46:57-07:00,0,48
global.js,175,js,91f4af57,wel055,2025-04-26,23:15:15,-07:00,2025-04-26T23:15:15-07:00,0,16
global.js,176,js,91f4af57,wel055,2025-04-26,23:15:15,-07:00,2025-04-26T23:15:15-07:00,0,61
global.js,177,js,91f4af57,wel055,2025-04-26,23:15:15,-07:00,2025-04-26T23:15:15-07:00,0,1
global.js,178,js,0c1f427e,wel055,2025-04-26,15:12:42,-07:00,2025-04-26T15:12:42-07:00,0,0
projects/projects.js,1,js,8d822a95,wel055,2025-05-02,20:30:21,-07:00,2025-05-02T20:30:21-07:00,0,47
projects/projects.js,2,js,cdd9fa97,wel055,2025-04-26,15:16:09,-07:00,2025-04-26T15:16:09-07:00,0,56
projects/projects.js,3,js,3b20f3a0,wel055,2025-05-02,17:49:00,-07:00,2025-05-02T17:49:00-07:00,0,64
projects/projects.js,4,js,cdd9fa97,wel055,2025-04-26,15:16:09,-07:00,2025-04-26T15:16:09-07:00,0,0
projects/projects.js,5,js,8d822a95,wel055,2025-05-02,20:30:21,-07:00,2025-05-02T20:30:21-07:00,0,47
projects/projects.js,6,js,8d822a95,wel055,2025-05-02,20:30:21,-07:00,2025-05-02T20:30:21-07:00,0,47
projects/projects.js,7,js,8d822a95,wel055,2025-05-02,20:30:21,-07:00,2025-05-02T20:30:21-07:00,0,59
projects/projects.js,8,js,8d822a95,wel055,2025-05-02,20:30:21,-07:00,2025-05-02T20:30:21-07:00,0,72
projects/projects.js,9,js,8d822a95,wel055,2025-05-02,20:30:21,-07:00,2025-05-02T20:30:21-07:00,0,52
projects/projects.js,10,js,8d822a95,wel055,2025-05-02,20:30:21,-07:00,2025-05-02T20:30:21-07:00,0,47
projects/projects.js,11,js,8d822a95,wel055,2025-05-02,20:30:21,-07:00,2025-05-02T20:30:21-07:00,0,0
projects/projects.js,12,js,4cb52257,wel055,2025-04-26,15:30:35,-07:00,2025-04-26T15:30:35-07:00,0,61
projects/projects.js,13,js,8d822a95,wel055,2025-05-02,20:30:21,-07:00,2025-05-02T20:30:21-07:00,0,62
projects/projects.js,14,js,8d822a95,wel055,2025-05-02,20:30:21,-07:00,2025-05-02T20:30:21-07:00,0,53
projects/projects.js,15,js,8d822a95,wel055,2025-05-02,20:30:21,-07:00,2025-05-02T20:30:21-07:00,0,46
projects/projects.js,16,js,8d822a95,wel055,2025-05-02,20:30:21,-07:00,2025-05-02T20:30:21-07:00,0,0
projects/projects.js,17,js,8d822a95,wel055,2025-05-02,20:30:21,-07:00,2025-05-02T20:30:21-07:00,0,47
projects/projects.js,18,js,8d822a95,wel055,2025-05-02,20:30:21,-07:00,2025-05-02T20:30:21-07:00,0,21
projects/projects.js,19,js,8d822a95,wel055,2025-05-02,20:30:21,-07:00,2025-05-02T20:30:21-07:00,0,0
projects/projects.js,20,js,22da3450,wel055,2025-05-02,23:20:55,-07:00,2025-05-02T23:20:55-07:00,0,45
projects/projects.js,21,js,22da3450,wel055,2025-05-02,23:20:55,-07:00,2025-05-02T23:20:55-07:00,0,49
projects/projects.js,22,js,22da3450,wel055,2025-05-02,23:20:55,-07:00,2025-05-02T23:20:55-07:00,0,49
projects/projects.js,23,js,22da3450,wel055,2025-05-02,23:20:55,-07:00,2025-05-02T23:20:55-07:00,0,55
projects/projects.js,24,js,22da3450,wel055,2025-05-02,23:20:55,-07:00,2025-05-02T23:20:55-07:00,0,1
projects/projects.js,25,js,8d822a95,wel055,2025-05-02,20:30:21,-07:00,2025-05-02T20:30:21-07:00,0,0
projects/projects.js,26,js,8d822a95,wel055,2025-05-02,20:30:21,-07:00,2025-05-02T20:30:21-07:00,0,39
projects/projects.js,27,js,8d822a95,wel055,2025-05-02,20:30:21,-07:00,2025-05-02T20:30:21-07:00,0,25
projects/projects.js,28,js,8d822a95,wel055,2025-05-02,20:30:21,-07:00,2025-05-02T20:30:21-07:00,0,50
projects/projects.js,29,js,8d822a95,wel055,2025-05-02,20:30:21,-07:00,2025-05-02T20:30:21-07:00,0,16
projects/projects.js,30,js,8d822a95,wel055,2025-05-02,20:30:21,-07:00,2025-05-02T20:30:21-07:00,0,0
projects/projects.js,31,js,8d822a95,wel055,2025-05-02,20:30:21,-07:00,2025-05-02T20:30:21-07:00,0,16
projects/projects.js,32,js,8d822a95,wel055,2025-05-02,20:30:21,-07:00,2025-05-02T20:30:21-07:00,0,48
projects/projects.js,33,js,8d822a95,wel055,2025-05-02,20:30:21,-07:00,2025-05-02T20:30:21-07:00,0,0
projects/projects.js,34,js,8d822a95,wel055,2025-05-02,20:30:21,-07:00,2025-05-02T20:30:21-07:00,0,23
projects/projects.js,35,js,22da3450,wel055,2025-05-02,23:20:55,-07:00,2025-05-02T23:20:55-07:00,0,29
projects/projects.js,36,js,8d822a95,wel055,2025-05-02,20:30:21,-07:00,2025-05-02T20:30:21-07:00,0,0
projects/projects.js,37,js,8d822a95,wel055,2025-05-02,20:30:21,-07:00,2025-05-02T20:30:21-07:00,0,0
projects/projects.js,38,js,8d822a95,wel055,2025-05-02,20:30:21,-07:00,2025-05-02T20:30:21-07:00,0,64
projects/projects.js,39,js,22da3450,wel055,2025-05-02,23:20:55,-07:00,2025-05-02T23:20:55-07:00,0,43
projects/projects.js,40,js,8d822a95,wel055,2025-05-02,20:30:21,-07:00,2025-05-02T20:30:21-07:00,0,0
projects/projects.js,41,js,8d822a95,wel055,2025-05-02,20:30:21,-07:00,2025-05-02T20:30:21-07:00,0,34
projects/projects.js,42,js,22da3450,wel055,2025-05-02,23:20:55,-07:00,2025-05-02T23:20:55-07:00,0,25
projects/projects.js,43,js,22da3450,wel055,2025-05-02,23:20:55,-07:00,2025-05-02T23:20:55-07:00,0,43
projects/projects.js,44,js,22da3450,wel055,2025-05-02,23:20:55,-07:00,2025-05-02T23:20:55-07:00,0,13
projects/projects.js,45,js,22da3450,wel055,2025-05-02,23:20:55,-07:00,2025-05-02T23:20:55-07:00,0,12
projects/projects.js,46,js,8d822a95,wel055,2025-05-02,20:30:21,-07:00,2025-05-02T20:30:21-07:00,0,76
projects/projects.js,47,js,8d822a95,wel055,2025-05-02,20:30:21,-07:00,2025-05-02T20:30:21-07:00,0,0
projects/projects.js,48,js,8d822a95,wel055,2025-05-02,20:30:21,-07:00,2025-05-02T20:30:21-07:00,0,73
projects/projects.js,49,js,8d822a95,wel055,2025-05-02,20:30:21,-07:00,2025-05-02T20:30:21-07:00,0,42
projects/projects.js,50,js,8d822a95,wel055,2025-05-02,20:30:21,-07:00,2025-05-02T20:30:21-07:00,0,23
projects/projects.js,51,js,8d822a95,wel055,2025-05-02,20:30:21,-07:00,2025-05-02T20:30:21-07:00,0,53
projects/projects.js,52,js,8d822a95,wel055,2025-05-02,20:30:21,-07:00,2025-05-02T20:30:21-07:00,0,49
projects/projects.js,53,js,8d822a95,wel055,2025-05-02,20:30:21,-07:00,2025-05-02T20:30:21-07:00,0,0
projects/projects.js,54,js,8d822a95,wel055,2025-05-02,20:30:21,-07:00,2025-05-02T20:30:21-07:00,0,22
projects/projects.js,55,js,8d822a95,wel055,2025-05-02,20:30:21,-07:00,2025-05-02T20:30:21-07:00,0,27
projects/projects.js,56,js,8d822a95,wel055,2025-05-02,20:30:21,-07:00,2025-05-02T20:30:21-07:00,0,32
projects/projects.js,57,js,8d822a95,wel055,2025-05-02,20:30:21,-07:00,2025-05-02T20:30:21-07:00,0,0
projects/projects.js,58,js,8d822a95,wel055,2025-05-02,20:30:21,-07:00,2025-05-02T20:30:21-07:00,0,20
projects/projects.js,59,js,8d822a95,wel055,2025-05-02,20:30:21,-07:00,2025-05-02T20:30:21-07:00,0,20
projects/projects.js,60,js,8d822a95,wel055,2025-05-02,20:30:21,-07:00,2025-05-02T20:30:21-07:00,0,10
projects/projects.js,61,js,8d822a95,wel055,2025-05-02,20:30:21,-07:00,2025-05-02T20:30:21-07:00,0,7
projects/projects.js,62,js,8d822a95,wel055,2025-05-02,20:30:21,-07:00,2025-05-02T20:30:21-07:00,0,14
projects/projects.js,63,js,8d822a95,wel055,2025-05-02,20:30:21,-07:00,2025-05-02T20:30:21-07:00,0,14
projects/projects.js,64,js,8d822a95,wel055,2025-05-02,20:30:21,-07:00,2025-05-02T20:30:21-07:00,0,29
projects/projects.js,65,js,8d822a95,wel055,2025-05-02,20:30:21,-07:00,2025-05-02T20:30:21-07:00,0,53
projects/projects.js,66,js,8d822a95,wel055,2025-05-02,20:30:21,-07:00,2025-05-02T20:30:21-07:00,0,20
projects/projects.js,67,js,8d822a95,wel055,2025-05-02,20:30:21,-07:00,2025-05-02T20:30:21-07:00,0,64
projects/projects.js,68,js,8d822a95,wel055,2025-05-02,20:30:21,-07:00,2025-05-02T20:30:21-07:00,0,11
projects/projects.js,69,js,8d822a95,wel055,2025-05-02,20:30:21,-07:00,2025-05-02T20:30:21-07:00,0,2
projects/projects.js,70,js,8d822a95,wel055,2025-05-02,20:30:21,-07:00,2025-05-02T20:30:21-07:00,0,0
projects/projects.js,71,js,8d822a95,wel055,2025-05-02,20:30:21,-07:00,2025-05-02T20:30:21-07:00,0,25
projects/projects.js,72,js,8d822a95,wel055,2025-05-02,20:30:21,-07:00,2025-05-02T20:30:21-07:00,0,23
projects/projects.js,73,js,8d822a95,wel055,2025-05-02,20:30:21,-07:00,2025-05-02T20:30:21-07:00,0,10
projects/projects.js,74,js,8d822a95,wel055,2025-05-02,20:30:21,-07:00,2025-05-02T20:30:21-07:00,0,7
projects/projects.js,75,js,8d822a95,wel055,2025-05-02,20:30:21,-07:00,2025-05-02T20:30:21-07:00,0,12
projects/projects.js,76,js,8d822a95,wel055,2025-05-02,20:30:21,-07:00,2025-05-02T20:30:21-07:00,0,42
projects/projects.js,77,js,8d822a95,wel055,2025-05-02,20:30:21,-07:00,2025-05-02T20:30:21-07:00,0,48
projects/projects.js,78,js,8d822a95,wel055,2025-05-02,20:30:21,-07:00,2025-05-02T20:30:21-07:00,0,72
projects/projects.js,79,js,8d822a95,wel055,2025-05-02,20:30:21,-07:00,2025-05-02T20:30:21-07:00,0,20
projects/projects.js,80,js,8d822a95,wel055,2025-05-02,20:30:21,-07:00,2025-05-02T20:30:21-07:00,0,54
projects/projects.js,81,js,8d822a95,wel055,2025-05-02,20:30:21,-07:00,2025-05-02T20:30:21-07:00,0,11
projects/projects.js,82,js,8d822a95,wel055,2025-05-02,20:30:21,-07:00,2025-05-02T20:30:21-07:00,0,2
projects/projects.js,83,js,8d822a95,wel055,2025-05-02,20:30:21,-07:00,2025-05-02T20:30:21-07:00,0,0
projects/projects.js,84,js,8d822a95,wel055,2025-05-02,20:30:21,-07:00,2025-05-02T20:30:21-07:00,0,0
projects/projects.js,85,js,8d822a95,wel055,2025-05-02,20:30:21,-07:00,2025-05-02T20:30:21-07:00,0,36
projects/projects.js,86,js,8d822a95,wel055,2025-05-02,20:30:21,-07:00,2025-05-02T20:30:21-07:00,0,41
projects/projects.js,87,js,8d822a95,wel055,2025-05-02,20:30:21,-07:00,2025-05-02T20:30:21-07:00,0,43
projects/projects.js,88,js,8d822a95,wel055,2025-05-02,20:30:21,-07:00,2025-05-02T20:30:21-07:00,0,11
projects/projects.js,89,js,8d822a95,wel055,2025-05-02,20:30:21,-07:00,2025-05-02T20:30:21-07:00,0,2
projects/projects.js,90,js,cdd9fa97,wel055,2025-04-26,15:16:09,-07:00,2025-04-26T15:16:09-07:00,0,0
projects/projects.js,91,js,8d822a95,wel055,2025-05-02,20:30:21,-07:00,2025-05-02T20:30:21-07:00,0,16
projects/projects.js,92,js,22da3450,wel055,2025-05-02,23:20:55,-07:00,2025-05-02T23:20:55-07:00,0,11
projects/projects.js,93,js,22da3450,wel055,2025-05-02,23:20:55,-07:00,2025-05-02T23:20:55-07:00,0,0
projects/projects.js,94,js,22da3450,wel055,2025-05-02,23:20:55,-07:00,2025-05-02T23:20:55-07:00,0,26
projects/projects.js,95,js,22da3450,wel055,2025-05-02,23:20:55,-07:00,2025-05-02T23:20:55-07:00,0,40
projects/projects.js,96,js,22da3450,wel055,2025-05-02,23:20:55,-07:00,2025-05-02T23:20:55-07:00,0,49
projects/projects.js,97,js,22da3450,wel055,2025-05-02,23:20:55,-07:00,2025-05-02T23:20:55-07:00,0,7
projects/projects.js,98,js,22da3450,wel055,2025-05-02,23:20:55,-07:00,2025-05-02T23:20:55-07:00,0,58
projects/projects.js,99,js,22da3450,wel055,2025-05-02,23:20:55,-07:00,2025-05-02T23:20:55-07:00,0,68
projects/projects.js,100,js,22da3450,wel055,2025-05-02,23:20:55,-07:00,2025-05-02T23:20:55-07:00,0,66
projects/projects.js,101,js,22da3450,wel055,2025-05-02,23:20:55,-07:00,2025-05-02T23:20:55-07:00,0,0
projects/projects.js,102,js,22da3450,wel055,2025-05-02,23:20:55,-07:00,2025-05-02T23:20:55-07:00,0,59
projects/projects.js,103,js,22da3450,wel055,2025-05-02,23:20:55,-07:00,2025-05-02T23:20:55-07:00,0,49
projects/projects.js,104,js,22da3450,wel055,2025-05-02,23:20:55,-07:00,2025-05-02T23:20:55-07:00,0,0
projects/index.html,1,html,3a93988b,wel055,2025-04-04,14:21:57,-07:00,2025-04-04T14:21:57-07:00,0,14
projects/index.html,2,html,3a93988b,wel055,2025-04-04,14:21:57,-07:00,2025-04-04T14:21:57-07:00,0,15
projects/index.html,3,html,3a93988b,wel055,2025-04-04,14:21:57,-07:00,2025-04-04T14:21:57-07:00,0,5
projects/index.html,4,html,3a93988b,wel055,2025-04-04,14:21:57,-07:00,2025-04-04T14:21:57-07:00,0,21
projects/index.html,5,html,3a93988b,wel055,2025-04-04,14:21:57,-07:00,2025-04-04T14:21:57-07:00,0,33
projects/index.html,6,html,3a93988b,wel055,2025-04-04,14:21:57,-07:00,2025-04-04T14:21:57-07:00,0,38
projects/index.html,7,html,3a93988b,wel055,2025-04-04,14:21:57,-07:00,2025-04-04T14:21:57-07:00,0,42
projects/index.html,8,html,3a93988b,wel055,2025-04-04,14:21:57,-07:00,2025-04-04T14:21:57-07:00,0,6
projects/index.html,9,html,b823f935,wel055,2025-05-02,17:47:18,-07:00,2025-05-02T17:47:18-07:00,0,0
projects/index.html,10,html,b823f935,wel055,2025-05-02,17:47:18,-07:00,2025-05-02T17:47:18-07:00,0,0
projects/index.html,11,html,c943b805,wel055,2025-05-02,18:05:30,-07:00,2025-05-02T18:05:30-07:00,0,0
projects/index.html,12,html,3a93988b,wel055,2025-04-04,14:21:57,-07:00,2025-04-04T14:21:57-07:00,0,5
projects/index.html,13,html,6b1150b4,wel055,2025-05-02,18:33:00,-07:00,2025-05-02T18:33:00-07:00,0,34
projects/index.html,14,html,2e0dba81,wel055,2025-05-02,18:20:47,-07:00,2025-05-02T18:20:47-07:00,0,16
projects/index.html,15,html,8d822a95,wel055,2025-05-02,20:30:21,-07:00,2025-05-02T20:30:21-07:00,0,49
projects/index.html,16,html,8d822a95,wel055,2025-05-02,20:30:21,-07:00,2025-05-02T20:30:21-07:00,0,5
projects/index.html,17,html,8d822a95,wel055,2025-05-02,20:30:21,-07:00,2025-05-02T20:30:21-07:00,0,18
projects/index.html,18,html,8d822a95,wel055,2025-05-02,20:30:21,-07:00,2025-05-02T20:30:21-07:00,0,4
projects/index.html,19,html,8d822a95,wel055,2025-05-02,20:30:21,-07:00,2025-05-02T20:30:21-07:00,0,66
projects/index.html,20,html,8d822a95,wel055,2025-05-02,20:30:21,-07:00,2025-05-02T20:30:21-07:00,0,23
projects/index.html,21,html,8d822a95,wel055,2025-05-02,20:30:21,-07:00,2025-05-02T20:30:21-07:00,0,12
projects/index.html,22,html,8d822a95,wel055,2025-05-02,20:30:21,-07:00,2025-05-02T20:30:21-07:00,0,27
projects/index.html,23,html,8d822a95,wel055,2025-05-02,20:30:21,-07:00,2025-05-02T20:30:21-07:00,0,33
projects/index.html,24,html,2e0dba81,wel055,2025-05-02,18:20:47,-07:00,2025-05-02T18:20:47-07:00,0,5
projects/index.html,25,html,3a93988b,wel055,2025-04-04,14:21:57,-07:00,2025-04-04T14:21:57-07:00,0,0
projects/index.html,26,html,6b1150b4,wel055,2025-05-02,18:33:00,-07:00,2025-05-02T18:33:00-07:00,0,42
projects/index.html,27,html,9c2b935a,wel055,2025-04-11,23:17:35,-07:00,2025-04-11T23:17:35-07:00,0,67
projects/index.html,28,html,9c2b935a,wel055,2025-04-11,23:17:35,-07:00,2025-04-11T23:17:35-07:00,0,0
projects/index.html,29,html,4cb52257,wel055,2025-04-26,15:30:35,-07:00,2025-04-26T15:30:35-07:00,0,27
projects/index.html,30,html,9c2b935a,wel055,2025-04-11,23:17:35,-07:00,2025-04-11T23:17:35-07:00,0,0
projects/index.html,31,html,6b1150b4,wel055,2025-05-02,18:33:00,-07:00,2025-05-02T18:33:00-07:00,0,49
projects/index.html,32,html,6b1150b4,wel055,2025-05-02,18:33:00,-07:00,2025-05-02T18:33:00-07:00,0,48
projects/index.html,33,html,6b1150b4,wel055,2025-05-02,18:33:00,-07:00,2025-05-02T18:33:00-07:00,0,6
cv/index.html,1,html,44489db1,wel055,2025-04-04,21:45:45,-07:00,2025-04-04T21:45:45-07:00,0,14
cv/index.html,2,html,44489db1,wel055,2025-04-04,21:45:45,-07:00,2025-04-04T21:45:45-07:00,0,15
cv/index.html,3,html,44489db1,wel055,2025-04-04,21:45:45,-07:00,2025-04-04T21:45:45-07:00,0,5
cv/index.html,4,html,44489db1,wel055,2025-04-04,21:45:45,-07:00,2025-04-04T21:45:45-07:00,0,23
cv/index.html,5,html,44489db1,wel055,2025-04-04,21:45:45,-07:00,2025-04-04T21:45:45-07:00,0,41
cv/index.html,6,html,44489db1,wel055,2025-04-04,21:45:45,-07:00,2025-04-04T21:45:45-07:00,0,67
cv/index.html,7,html,44489db1,wel055,2025-04-04,21:45:45,-07:00,2025-04-04T21:45:45-07:00,0,44
cv/index.html,8,html,44489db1,wel055,2025-04-04,21:45:45,-07:00,2025-04-04T21:45:45-07:00,0,6
cv/index.html,9,html,44489db1,wel055,2025-04-04,21:45:45,-07:00,2025-04-04T21:45:45-07:00,0,5
cv/index.html,10,html,44489db1,wel055,2025-04-04,21:45:45,-07:00,2025-04-04T21:45:45-07:00,0,0
cv/index.html,11,html,98f3169d,wel055,2025-04-18,22:51:49,-07:00,2025-04-18T22:51:49-07:00,0,19
cv/index.html,12,html,44489db1,wel055,2025-04-04,21:45:45,-07:00,2025-04-04T21:45:45-07:00,0,4
cv/index.html,13,html,44489db1,wel055,2025-04-04,21:45:45,-07:00,2025-04-04T21:45:45-07:00,0,3
cv/index.html,14,html,44489db1,wel055,2025-04-04,21:45:45,-07:00,2025-04-04T21:45:45-07:00,0,40
cv/index.html,15,html,44489db1,wel055,2025-04-04,21:45:45,-07:00,2025-04-04T21:45:45-07:00,0,53
cv/index.html,16,html,aa67508d,wel055,2025-04-18,22:35:44,-07:00,2025-04-18T22:35:44-07:00,0,35
cv/index.html,17,html,44489db1,wel055,2025-04-04,21:45:45,-07:00,2025-04-04T21:45:45-07:00,0,51
cv/index.html,18,html,44489db1,wel055,2025-04-04,21:45:45,-07:00,2025-04-04T21:45:45-07:00,0,82
cv/index.html,19,html,44489db1,wel055,2025-04-04,21:45:45,-07:00,2025-04-04T21:45:45-07:00,0,4
cv/index.html,20,html,44489db1,wel055,2025-04-04,21:45:45,-07:00,2025-04-04T21:45:45-07:00,0,5
cv/index.html,21,html,98f3169d,wel055,2025-04-18,22:51:49,-07:00,2025-04-18T22:51:49-07:00,0,2
cv/index.html,22,html,44489db1,wel055,2025-04-04,21:45:45,-07:00,2025-04-04T21:45:45-07:00,0,0
cv/index.html,23,html,44489db1,wel055,2025-04-04,21:45:45,-07:00,2025-04-04T21:45:45-07:00,0,29
cv/index.html,24,html,44489db1,wel055,2025-04-04,21:45:45,-07:00,2025-04-04T21:45:45-07:00,0,7
cv/index.html,25,html,44489db1,wel055,2025-04-04,21:45:45,-07:00,2025-04-04T21:45:45-07:00,0,23
cv/index.html,26,html,44489db1,wel055,2025-04-04,21:45:45,-07:00,2025-04-04T21:45:45-07:00,0,53
cv/index.html,27,html,44489db1,wel055,2025-04-04,21:45:45,-07:00,2025-04-04T21:45:45-07:00,0,2
cv/index.html,28,html,44489db1,wel055,2025-04-04,21:45:45,-07:00,2025-04-04T21:45:45-07:00,0,49
cv/index.html,29,html,44489db1,wel055,2025-04-04,21:45:45,-07:00,2025-04-04T21:45:45-07:00,0,49
cv/index.html,30,html,44489db1,wel055,2025-04-04,21:45:45,-07:00,2025-04-04T21:45:45-07:00,0,37
cv/index.html,31,html,44489db1,wel055,2025-04-04,21:45:45,-07:00,2025-04-04T21:45:45-07:00,0,3
cv/index.html,32,html,44489db1,wel055,2025-04-04,21:45:45,-07:00,2025-04-04T21:45:45-07:00,0,8
cv/index.html,33,html,44489db1,wel055,2025-04-04,21:45:45,-07:00,2025-04-04T21:45:45-07:00,0,0
cv/index.html,34,html,44489db1,wel055,2025-04-04,21:45:45,-07:00,2025-04-04T21:45:45-07:00,0,20
cv/index.html,35,html,44489db1,wel055,2025-04-04,21:45:45,-07:00,2025-04-04T21:45:45-07:00,0,8
cv/index.html,36,html,44489db1,wel055,2025-04-04,21:45:45,-07:00,2025-04-04T21:45:45-07:00,0,20
cv/index.html,37,html,44489db1,wel055,2025-04-04,21:45:45,-07:00,2025-04-04T21:45:45-07:00,0,3
cv/index.html,38,html,44489db1,wel055,2025-04-04,21:45:45,-07:00,2025-04-04T21:45:45-07:00,0,3
cv/index.html,39,html,44489db1,wel055,2025-04-04,21:45:45,-07:00,2025-04-04T21:45:45-07:00,0,52
cv/index.html,40,html,44489db1,wel055,2025-04-04,21:45:45,-07:00,2025-04-04T21:45:45-07:00,0,76
cv/index.html,41,html,44489db1,wel055,2025-04-04,21:45:45,-07:00,2025-04-04T21:45:45-07:00,0,71
cv/index.html,42,html,44489db1,wel055,2025-04-04,21:45:45,-07:00,2025-04-04T21:45:45-07:00,0,27
cv/index.html,43,html,44489db1,wel055,2025-04-04,21:45:45,-07:00,2025-04-04T21:45:45-07:00,0,3
cv/index.html,44,html,ff2b654e,wel055,2025-04-04,21:47:45,-07:00,2025-04-04T21:47:45-07:00,0,4
cv/index.html,45,html,44489db1,wel055,2025-04-04,21:45:45,-07:00,2025-04-04T21:45:45-07:00,0,79
cv/index.html,46,html,44489db1,wel055,2025-04-04,21:45:45,-07:00,2025-04-04T21:45:45-07:00,0,4
cv/index.html,47,html,44489db1,wel055,2025-04-04,21:45:45,-07:00,2025-04-04T21:45:45-07:00,0,3
cv/index.html,48,html,44489db1,wel055,2025-04-04,21:45:45,-07:00,2025-04-04T21:45:45-07:00,0,96
cv/index.html,49,html,44489db1,wel055,2025-04-04,21:45:45,-07:00,2025-04-04T21:45:45-07:00,0,70
cv/index.html,50,html,44489db1,wel055,2025-04-04,21:45:45,-07:00,2025-04-04T21:45:45-07:00,0,46
cv/index.html,51,html,44489db1,wel055,2025-04-04,21:45:45,-07:00,2025-04-04T21:45:45-07:00,0,3
cv/index.html,52,html,ff2b654e,wel055,2025-04-04,21:47:45,-07:00,2025-04-04T21:47:45-07:00,0,4
cv/index.html,53,html,44489db1,wel055,2025-04-04,21:45:45,-07:00,2025-04-04T21:45:45-07:00,0,79
cv/index.html,54,html,44489db1,wel055,2025-04-04,21:45:45,-07:00,2025-04-04T21:45:45-07:00,0,4
cv/index.html,55,html,44489db1,wel055,2025-04-04,21:45:45,-07:00,2025-04-04T21:45:45-07:00,0,3
cv/index.html,56,html,44489db1,wel055,2025-04-04,21:45:45,-07:00,2025-04-04T21:45:45-07:00,0,91
cv/index.html,57,html,44489db1,wel055,2025-04-04,21:45:45,-07:00,2025-04-04T21:45:45-07:00,0,29
cv/index.html,58,html,44489db1,wel055,2025-04-04,21:45:45,-07:00,2025-04-04T21:45:45-07:00,0,3
cv/index.html,59,html,ff2b654e,wel055,2025-04-04,21:47:45,-07:00,2025-04-04T21:47:45-07:00,0,4
cv/index.html,60,html,44489db1,wel055,2025-04-04,21:45:45,-07:00,2025-04-04T21:45:45-07:00,0,79
cv/index.html,61,html,44489db1,wel055,2025-04-04,21:45:45,-07:00,2025-04-04T21:45:45-07:00,0,4
cv/index.html,62,html,44489db1,wel055,2025-04-04,21:45:45,-07:00,2025-04-04T21:45:45-07:00,0,4
cv/index.html,63,html,44489db1,wel055,2025-04-04,21:45:45,-07:00,2025-04-04T21:45:45-07:00,0,9
cv/index.html,64,html,44489db1,wel055,2025-04-04,21:45:45,-07:00,2025-04-04T21:45:45-07:00,0,0
cv/index.html,65,html,44489db1,wel055,2025-04-04,21:45:45,-07:00,2025-04-04T21:45:45-07:00,0,17
cv/index.html,66,html,44489db1,wel055,2025-04-04,21:45:45,-07:00,2025-04-04T21:45:45-07:00,0,8
cv/index.html,67,html,44489db1,wel055,2025-04-04,21:45:45,-07:00,2025-04-04T21:45:45-07:00,0,17
cv/index.html,68,html,44489db1,wel055,2025-04-04,21:45:45,-07:00,2025-04-04T21:45:45-07:00,0,8
cv/index.html,69,html,44489db1,wel055,2025-04-04,21:45:45,-07:00,2025-04-04T21:45:45-07:00,0,43
cv/index.html,70,html,44489db1,wel055,2025-04-04,21:45:45,-07:00,2025-04-04T21:45:45-07:00,0,58
cv/index.html,71,html,44489db1,wel055,2025-04-04,21:45:45,-07:00,2025-04-04T21:45:45-07:00,0,2
cv/index.html,72,html,44489db1,wel055,2025-04-04,21:45:45,-07:00,2025-04-04T21:45:45-07:00,0,34
cv/index.html,73,html,44489db1,wel055,2025-04-04,21:45:45,-07:00,2025-04-04T21:45:45-07:00,0,43
cv/index.html,74,html,44489db1,wel055,2025-04-04,21:45:45,-07:00,2025-04-04T21:45:45-07:00,0,3
cv/index.html,75,html,44489db1,wel055,2025-04-04,21:45:45,-07:00,2025-04-04T21:45:45-07:00,0,9
cv/index.html,76,html,44489db1,wel055,2025-04-04,21:45:45,-07:00,2025-04-04T21:45:45-07:00,0,9
cv/index.html,77,html,44489db1,wel055,2025-04-04,21:45:45,-07:00,2025-04-04T21:45:45-07:00,0,0
cv/index.html,78,html,44489db1,wel055,2025-04-04,21:45:45,-07:00,2025-04-04T21:45:45-07:00,0,14
cv/index.html,79,html,44489db1,wel055,2025-04-04,21:45:45,-07:00,2025-04-04T21:45:45-07:00,0,8
cv/index.html,80,html,44489db1,wel055,2025-04-04,21:45:45,-07:00,2025-04-04T21:45:45-07:00,0,14
cv/index.html,81,html,44489db1,wel055,2025-04-04,21:45:45,-07:00,2025-04-04T21:45:45-07:00,0,8
cv/index.html,82,html,44489db1,wel055,2025-04-04,21:45:45,-07:00,2025-04-04T21:45:45-07:00,0,20
cv/index.html,83,html,44489db1,wel055,2025-04-04,21:45:45,-07:00,2025-04-04T21:45:45-07:00,0,3
cv/index.html,84,html,44489db1,wel055,2025-04-04,21:45:45,-07:00,2025-04-04T21:45:45-07:00,0,32
cv/index.html,85,html,44489db1,wel055,2025-04-04,21:45:45,-07:00,2025-04-04T21:45:45-07:00,0,39
cv/index.html,86,html,44489db1,wel055,2025-04-04,21:45:45,-07:00,2025-04-04T21:45:45-07:00,0,4
cv/index.html,87,html,44489db1,wel055,2025-04-04,21:45:45,-07:00,2025-04-04T21:45:45-07:00,0,15
cv/index.html,88,html,44489db1,wel055,2025-04-04,21:45:45,-07:00,2025-04-04T21:45:45-07:00,0,3
cv/index.html,89,html,44489db1,wel055,2025-04-04,21:45:45,-07:00,2025-04-04T21:45:45-07:00,0,79
cv/index.html,90,html,44489db1,wel055,2025-04-04,21:45:45,-07:00,2025-04-04T21:45:45-07:00,0,47
cv/index.html,91,html,44489db1,wel055,2025-04-04,21:45:45,-07:00,2025-04-04T21:45:45-07:00,0,86
cv/index.html,92,html,44489db1,wel055,2025-04-04,21:45:45,-07:00,2025-04-04T21:45:45-07:00,0,52
cv/index.html,93,html,44489db1,wel055,2025-04-04,21:45:45,-07:00,2025-04-04T21:45:45-07:00,0,4
cv/index.html,94,html,44489db1,wel055,2025-04-04,21:45:45,-07:00,2025-04-04T21:45:45-07:00,0,14
cv/index.html,95,html,44489db1,wel055,2025-04-04,21:45:45,-07:00,2025-04-04T21:45:45-07:00,0,3
cv/index.html,96,html,44489db1,wel055,2025-04-04,21:45:45,-07:00,2025-04-04T21:45:45-07:00,0,14
cv/index.html,97,html,44489db1,wel055,2025-04-04,21:45:45,-07:00,2025-04-04T21:45:45-07:00,0,12
cv/index.html,98,html,44489db1,wel055,2025-04-04,21:45:45,-07:00,2025-04-04T21:45:45-07:00,0,9
cv/index.html,99,html,44489db1,wel055,2025-04-04,21:45:45,-07:00,2025-04-04T21:45:45-07:00,0,4
cv/index.html,100,html,44489db1,wel055,2025-04-04,21:45:45,-07:00,2025-04-04T21:45:45-07:00,0,21
cv/index.html,101,html,44489db1,wel055,2025-04-04,21:45:45,-07:00,2025-04-04T21:45:45-07:00,0,3
cv/index.html,102,html,44489db1,wel055,2025-04-04,21:45:45,-07:00,2025-04-04T21:45:45-07:00,0,21
cv/index.html,103,html,44489db1,wel055,2025-04-04,21:45:45,-07:00,2025-04-04T21:45:45-07:00,0,14
cv/index.html,104,html,44489db1,wel055,2025-04-04,21:45:45,-07:00,2025-04-04T21:45:45-07:00,0,17
cv/index.html,105,html,44489db1,wel055,2025-04-04,21:45:45,-07:00,2025-04-04T21:45:45-07:00,0,4
cv/index.html,106,html,44489db1,wel055,2025-04-04,21:45:45,-07:00,2025-04-04T21:45:45-07:00,0,9
cv/index.html,107,html,44489db1,wel055,2025-04-04,21:45:45,-07:00,2025-04-04T21:45:45-07:00,0,9
cv/index.html,108,html,44489db1,wel055,2025-04-04,21:45:45,-07:00,2025-04-04T21:45:45-07:00,0,0
cv/index.html,109,html,44489db1,wel055,2025-04-04,21:45:45,-07:00,2025-04-04T21:45:45-07:00,0,52
cv/index.html,110,html,44489db1,wel055,2025-04-04,21:45:45,-07:00,2025-04-04T21:45:45-07:00,0,8
cv/index.html,111,html,44489db1,wel055,2025-04-04,21:45:45,-07:00,2025-04-04T21:45:45-07:00,0,18
cv/index.html,112,html,44489db1,wel055,2025-04-04,21:45:45,-07:00,2025-04-04T21:45:45-07:00,0,0
cv/index.html,113,html,44489db1,wel055,2025-04-04,21:45:45,-07:00,2025-04-04T21:45:45-07:00,0,27
cv/index.html,114,html,44489db1,wel055,2025-04-04,21:45:45,-07:00,2025-04-04T21:45:45-07:00,0,8
cv/index.html,115,html,44489db1,wel055,2025-04-04,21:45:45,-07:00,2025-04-04T21:45:45-07:00,0,54
cv/index.html,116,html,44489db1,wel055,2025-04-04,21:45:45,-07:00,2025-04-04T21:45:45-07:00,0,89
cv/index.html,117,html,44489db1,wel055,2025-04-04,21:45:45,-07:00,2025-04-04T21:45:45-07:00,0,3
cv/index.html,118,html,44489db1,wel055,2025-04-04,21:45:45,-07:00,2025-04-04T21:45:45-07:00,0,57
cv/index.html,119,html,44489db1,wel055,2025-04-04,21:45:45,-07:00,2025-04-04T21:45:45-07:00,0,57
cv/index.html,120,html,44489db1,wel055,2025-04-04,21:45:45,-07:00,2025-04-04T21:45:45-07:00,0,81
cv/index.html,121,html,44489db1,wel055,2025-04-04,21:45:45,-07:00,2025-04-04T21:45:45-07:00,0,4
cv/index.html,122,html,44489db1,wel055,2025-04-04,21:45:45,-07:00,2025-04-04T21:45:45-07:00,0,9
cv/index.html,123,html,44489db1,wel055,2025-04-04,21:45:45,-07:00,2025-04-04T21:45:45-07:00,0,0
cv/index.html,124,html,44489db1,wel055,2025-04-04,21:45:45,-07:00,2025-04-04T21:45:45-07:00,0,8
cv/index.html,125,html,44489db1,wel055,2025-04-04,21:45:45,-07:00,2025-04-04T21:45:45-07:00,0,53
cv/index.html,126,html,44489db1,wel055,2025-04-04,21:45:45,-07:00,2025-04-04T21:45:45-07:00,0,56
cv/index.html,127,html,44489db1,wel055,2025-04-04,21:45:45,-07:00,2025-04-04T21:45:45-07:00,0,3
cv/index.html,128,html,44489db1,wel055,2025-04-04,21:45:45,-07:00,2025-04-04T21:45:45-07:00,0,69
cv/index.html,129,html,44489db1,wel055,2025-04-04,21:45:45,-07:00,2025-04-04T21:45:45-07:00,0,4
cv/index.html,130,html,44489db1,wel055,2025-04-04,21:45:45,-07:00,2025-04-04T21:45:45-07:00,0,9
cv/index.html,131,html,44489db1,wel055,2025-04-04,21:45:45,-07:00,2025-04-04T21:45:45-07:00,0,0
cv/index.html,132,html,44489db1,wel055,2025-04-04,21:45:45,-07:00,2025-04-04T21:45:45-07:00,0,18
cv/index.html,133,html,44489db1,wel055,2025-04-04,21:45:45,-07:00,2025-04-04T21:45:45-07:00,0,8
cv/index.html,134,html,44489db1,wel055,2025-04-04,21:45:45,-07:00,2025-04-04T21:45:45-07:00,0,41
cv/index.html,135,html,44489db1,wel055,2025-04-04,21:45:45,-07:00,2025-04-04T21:45:45-07:00,0,89
cv/index.html,136,html,44489db1,wel055,2025-04-04,21:45:45,-07:00,2025-04-04T21:45:45-07:00,0,3
cv/index.html,137,html,44489db1,wel055,2025-04-04,21:45:45,-07:00,2025-04-04T21:45:45-07:00,0,89
cv/index.html,138,html,44489db1,wel055,2025-04-04,21:45:45,-07:00,2025-04-04T21:45:45-07:00,0,89
cv/index.html,139,html,44489db1,wel055,2025-04-04,21:45:45,-07:00,2025-04-04T21:45:45-07:00,0,4
cv/index.html,140,html,44489db1,wel055,2025-04-04,21:45:45,-07:00,2025-04-04T21:45:45-07:00,0,9
cv/index.html,141,html,44489db1,wel055,2025-04-04,21:45:45,-07:00,2025-04-04T21:45:45-07:00,0,0
cv/index.html,142,html,44489db1,wel055,2025-04-04,21:45:45,-07:00,2025-04-04T21:45:45-07:00,0,8
cv/index.html,143,html,44489db1,wel055,2025-04-04,21:45:45,-07:00,2025-04-04T21:45:45-07:00,0,39
cv/index.html,144,html,44489db1,wel055,2025-04-04,21:45:45,-07:00,2025-04-04T21:45:45-07:00,0,56
cv/index.html,145,html,44489db1,wel055,2025-04-04,21:45:45,-07:00,2025-04-04T21:45:45-07:00,0,3
cv/index.html,146,html,44489db1,wel055,2025-04-04,21:45:45,-07:00,2025-04-04T21:45:45-07:00,0,72
cv/index.html,147,html,44489db1,wel055,2025-04-04,21:45:45,-07:00,2025-04-04T21:45:45-07:00,0,104
cv/index.html,148,html,44489db1,wel055,2025-04-04,21:45:45,-07:00,2025-04-04T21:45:45-07:00,0,4
cv/index.html,149,html,44489db1,wel055,2025-04-04,21:45:45,-07:00,2025-04-04T21:45:45-07:00,0,9
cv/index.html,150,html,44489db1,wel055,2025-04-04,21:45:45,-07:00,2025-04-04T21:45:45-07:00,0,0
cv/index.html,151,html,44489db1,wel055,2025-04-04,21:45:45,-07:00,2025-04-04T21:45:45-07:00,0,8
cv/index.html,152,html,44489db1,wel055,2025-04-04,21:45:45,-07:00,2025-04-04T21:45:45-07:00,0,53
cv/index.html,153,html,44489db1,wel055,2025-04-04,21:45:45,-07:00,2025-04-04T21:45:45-07:00,0,56
cv/index.html,154,html,44489db1,wel055,2025-04-04,21:45:45,-07:00,2025-04-04T21:45:45-07:00,0,3
cv/index.html,155,html,44489db1,wel055,2025-04-04,21:45:45,-07:00,2025-04-04T21:45:45-07:00,0,84
cv/index.html,156,html,44489db1,wel055,2025-04-04,21:45:45,-07:00,2025-04-04T21:45:45-07:00,0,53
cv/index.html,157,html,44489db1,wel055,2025-04-04,21:45:45,-07:00,2025-04-04T21:45:45-07:00,0,101
cv/index.html,158,html,44489db1,wel055,2025-04-04,21:45:45,-07:00,2025-04-04T21:45:45-07:00,0,4
cv/index.html,159,html,44489db1,wel055,2025-04-04,21:45:45,-07:00,2025-04-04T21:45:45-07:00,0,9
cv/index.html,160,html,44489db1,wel055,2025-04-04,21:45:45,-07:00,2025-04-04T21:45:45-07:00,0,0
cv/index.html,161,html,44489db1,wel055,2025-04-04,21:45:45,-07:00,2025-04-04T21:45:45-07:00,0,8
cv/index.html,162,html,44489db1,wel055,2025-04-04,21:45:45,-07:00,2025-04-04T21:45:45-07:00,0,42
cv/index.html,163,html,44489db1,wel055,2025-04-04,21:45:45,-07:00,2025-04-04T21:45:45-07:00,0,89
cv/index.html,164,html,44489db1,wel055,2025-04-04,21:45:45,-07:00,2025-04-04T21:45:45-07:00,0,3
cv/index.html,165,html,44489db1,wel055,2025-04-04,21:45:45,-07:00,2025-04-04T21:45:45-07:00,0,69
cv/index.html,166,html,44489db1,wel055,2025-04-04,21:45:45,-07:00,2025-04-04T21:45:45-07:00,0,93
cv/index.html,167,html,44489db1,wel055,2025-04-04,21:45:45,-07:00,2025-04-04T21:45:45-07:00,0,4
cv/index.html,168,html,44489db1,wel055,2025-04-04,21:45:45,-07:00,2025-04-04T21:45:45-07:00,0,9
cv/index.html,169,html,44489db1,wel055,2025-04-04,21:45:45,-07:00,2025-04-04T21:45:45-07:00,0,0
cv/index.html,170,html,44489db1,wel055,2025-04-04,21:45:45,-07:00,2025-04-04T21:45:45-07:00,0,8
cv/index.html,171,html,44489db1,wel055,2025-04-04,21:45:45,-07:00,2025-04-04T21:45:45-07:00,0,33
cv/index.html,172,html,44489db1,wel055,2025-04-04,21:45:45,-07:00,2025-04-04T21:45:45-07:00,0,89
cv/index.html,173,html,44489db1,wel055,2025-04-04,21:45:45,-07:00,2025-04-04T21:45:45-07:00,0,3
cv/index.html,174,html,44489db1,wel055,2025-04-04,21:45:45,-07:00,2025-04-04T21:45:45-07:00,0,50
cv/index.html,175,html,44489db1,wel055,2025-04-04,21:45:45,-07:00,2025-04-04T21:45:45-07:00,0,53
cv/index.html,176,html,44489db1,wel055,2025-04-04,21:45:45,-07:00,2025-04-04T21:45:45-07:00,0,4
cv/index.html,177,html,44489db1,wel055,2025-04-04,21:45:45,-07:00,2025-04-04T21:45:45-07:00,0,9
cv/index.html,178,html,44489db1,wel055,2025-04-04,21:45:45,-07:00,2025-04-04T21:45:45-07:00,0,9
cv/index.html,179,html,44489db1,wel055,2025-04-04,21:45:45,-07:00,2025-04-04T21:45:45-07:00,0,0
cv/index.html,180,html,44489db1,wel055,2025-04-04,21:45:45,-07:00,2025-04-04T21:45:45-07:00,0,22
cv/index.html,181,html,44489db1,wel055,2025-04-04,21:45:45,-07:00,2025-04-04T21:45:45-07:00,0,8
cv/index.html,182,html,44489db1,wel055,2025-04-04,21:45:45,-07:00,2025-04-04T21:45:45-07:00,0,22
cv/index.html,183,html,44489db1,wel055,2025-04-04,21:45:45,-07:00,2025-04-04T21:45:45-07:00,0,0
cv/index.html,184,html,44489db1,wel055,2025-04-04,21:45:45,-07:00,2025-04-04T21:45:45-07:00,0,8
cv/index.html,185,html,44489db1,wel055,2025-04-04,21:45:45,-07:00,2025-04-04T21:45:45-07:00,0,31
cv/index.html,186,html,44489db1,wel055,2025-04-04,21:45:45,-07:00,2025-04-04T21:45:45-07:00,0,56
cv/index.html,187,html,44489db1,wel055,2025-04-04,21:45:45,-07:00,2025-04-04T21:45:45-07:00,0,3
cv/index.html,188,html,44489db1,wel055,2025-04-04,21:45:45,-07:00,2025-04-04T21:45:45-07:00,0,95
cv/index.html,189,html,44489db1,wel055,2025-04-04,21:45:45,-07:00,2025-04-04T21:45:45-07:00,0,80
cv/index.html,190,html,44489db1,wel055,2025-04-04,21:45:45,-07:00,2025-04-04T21:45:45-07:00,0,4
cv/index.html,191,html,44489db1,wel055,2025-04-04,21:45:45,-07:00,2025-04-04T21:45:45-07:00,0,9
cv/index.html,192,html,44489db1,wel055,2025-04-04,21:45:45,-07:00,2025-04-04T21:45:45-07:00,0,0
cv/index.html,193,html,44489db1,wel055,2025-04-04,21:45:45,-07:00,2025-04-04T21:45:45-07:00,0,8
cv/index.html,194,html,44489db1,wel055,2025-04-04,21:45:45,-07:00,2025-04-04T21:45:45-07:00,0,28
cv/index.html,195,html,44489db1,wel055,2025-04-04,21:45:45,-07:00,2025-04-04T21:45:45-07:00,0,56
cv/index.html,196,html,44489db1,wel055,2025-04-04,21:45:45,-07:00,2025-04-04T21:45:45-07:00,0,3
cv/index.html,197,html,44489db1,wel055,2025-04-04,21:45:45,-07:00,2025-04-04T21:45:45-07:00,0,43
cv/index.html,198,html,44489db1,wel055,2025-04-04,21:45:45,-07:00,2025-04-04T21:45:45-07:00,0,59
cv/index.html,199,html,44489db1,wel055,2025-04-04,21:45:45,-07:00,2025-04-04T21:45:45-07:00,0,4
cv/index.html,200,html,44489db1,wel055,2025-04-04,21:45:45,-07:00,2025-04-04T21:45:45-07:00,0,9
cv/index.html,201,html,44489db1,wel055,2025-04-04,21:45:45,-07:00,2025-04-04T21:45:45-07:00,0,9
cv/index.html,202,html,44489db1,wel055,2025-04-04,21:45:45,-07:00,2025-04-04T21:45:45-07:00,0,0
cv/index.html,203,html,44489db1,wel055,2025-04-04,21:45:45,-07:00,2025-04-04T21:45:45-07:00,0,14
cv/index.html,204,html,44489db1,wel055,2025-04-04,21:45:45,-07:00,2025-04-04T21:45:45-07:00,0,7
cv/index.html,205,html,44489db1,wel055,2025-04-04,21:45:45,-07:00,2025-04-04T21:45:45-07:00,0,33
cv/index.html,206,html,44489db1,wel055,2025-04-04,21:45:45,-07:00,2025-04-04T21:45:45-07:00,0,8
cv/index.html,207,html,c68df23e,wel055,2025-04-26,23:03:09,-07:00,2025-04-26T23:03:09-07:00,0,49
cv/index.html,208,html,44489db1,wel055,2025-04-04,21:45:45,-07:00,2025-04-04T21:45:45-07:00,0,6
cv/index.html,209,html,44489db1,wel055,2025-04-04,21:45:45,-07:00,2025-04-04T21:45:45-07:00,0,6
contact/index.html,1,html,3a93988b,wel055,2025-04-04,14:21:57,-07:00,2025-04-04T14:21:57-07:00,0,14
contact/index.html,2,html,3a93988b,wel055,2025-04-04,14:21:57,-07:00,2025-04-04T14:21:57-07:00,0,15
contact/index.html,3,html,3a93988b,wel055,2025-04-04,14:21:57,-07:00,2025-04-04T14:21:57-07:00,0,5
contact/index.html,4,html,3a93988b,wel055,2025-04-04,14:21:57,-07:00,2025-04-04T14:21:57-07:00,0,21
contact/index.html,5,html,b1f7bb14,wel055,2025-04-19,22:57:51,-07:00,2025-04-19T22:57:51-07:00,0,32
contact/index.html,6,html,b1f7bb14,wel055,2025-04-19,22:57:51,-07:00,2025-04-19T22:57:51-07:00,0,51
contact/index.html,7,html,3a93988b,wel055,2025-04-04,14:21:57,-07:00,2025-04-04T14:21:57-07:00,0,42
contact/index.html,8,html,3a93988b,wel055,2025-04-04,14:21:57,-07:00,2025-04-04T14:21:57-07:00,0,6
contact/index.html,9,html,3a93988b,wel055,2025-04-04,14:21:57,-07:00,2025-04-04T14:21:57-07:00,0,5
contact/index.html,10,html,b1f7bb14,wel055,2025-04-19,22:57:51,-07:00,2025-04-19T22:57:51-07:00,0,3
contact/index.html,11,html,b1f7bb14,wel055,2025-04-19,22:57:51,-07:00,2025-04-19T22:57:51-07:00,0,4
contact/index.html,12,html,b1f7bb14,wel055,2025-04-19,22:57:51,-07:00,2025-04-19T22:57:51-07:00,0,3
contact/index.html,13,html,b1f7bb14,wel055,2025-04-19,22:57:51,-07:00,2025-04-19T22:57:51-07:00,0,40
contact/index.html,14,html,b1f7bb14,wel055,2025-04-19,22:57:51,-07:00,2025-04-19T22:57:51-07:00,0,53
contact/index.html,15,html,b1f7bb14,wel055,2025-04-19,22:57:51,-07:00,2025-04-19T22:57:51-07:00,0,41
contact/index.html,16,html,b1f7bb14,wel055,2025-04-19,22:57:51,-07:00,2025-04-19T22:57:51-07:00,0,40
contact/index.html,17,html,b1f7bb14,wel055,2025-04-19,22:57:51,-07:00,2025-04-19T22:57:51-07:00,0,82
contact/index.html,18,html,b1f7bb14,wel055,2025-04-19,22:57:51,-07:00,2025-04-19T22:57:51-07:00,0,4
contact/index.html,19,html,b1f7bb14,wel055,2025-04-19,22:57:51,-07:00,2025-04-19T22:57:51-07:00,0,5
contact/index.html,20,html,b1f7bb14,wel055,2025-04-19,22:57:51,-07:00,2025-04-19T22:57:51-07:00,0,13
contact/index.html,21,html,3a93988b,wel055,2025-04-04,14:21:57,-07:00,2025-04-04T14:21:57-07:00,0,0
contact/index.html,22,html,b1f7bb14,wel055,2025-04-19,22:57:51,-07:00,2025-04-19T22:57:51-07:00,0,15
contact/index.html,23,html,53580602,wel055,2025-04-04,14:33:18,-07:00,2025-04-04T14:33:18-07:00,0,0
contact/index.html,24,html,b1f7bb14,wel055,2025-04-19,22:57:51,-07:00,2025-04-19T22:57:51-07:00,0,20
contact/index.html,25,html,b1f7bb14,wel055,2025-04-19,22:57:51,-07:00,2025-04-19T22:57:51-07:00,0,71
contact/index.html,26,html,b1f7bb14,wel055,2025-04-19,22:57:51,-07:00,2025-04-19T22:57:51-07:00,0,21
contact/index.html,27,html,b1f7bb14,wel055,2025-04-19,22:57:51,-07:00,2025-04-19T22:57:51-07:00,0,36
contact/index.html,28,html,b1f7bb14,wel055,2025-04-19,22:57:51,-07:00,2025-04-19T22:57:51-07:00,0,5
contact/index.html,29,html,b1f7bb14,wel055,2025-04-19,22:57:51,-07:00,2025-04-19T22:57:51-07:00,0,13
contact/index.html,30,html,b1f7bb14,wel055,2025-04-19,22:57:51,-07:00,2025-04-19T22:57:51-07:00,0,11
contact/index.html,31,html,b1f7bb14,wel055,2025-04-19,22:57:51,-07:00,2025-04-19T22:57:51-07:00,0,0
contact/index.html,32,html,b1f7bb14,wel055,2025-04-19,22:57:51,-07:00,2025-04-19T22:57:51-07:00,0,7
contact/index.html,33,html,53580602,wel055,2025-04-04,14:33:18,-07:00,2025-04-04T14:33:18-07:00,0,0
contact/index.html,34,html,b1f7bb14,wel055,2025-04-19,22:57:51,-07:00,2025-04-19T22:57:51-07:00,0,20
contact/index.html,35,html,b1f7bb14,wel055,2025-04-19,22:57:51,-07:00,2025-04-19T22:57:51-07:00,0,30
contact/index.html,36,html,b1f7bb14,wel055,2025-04-19,22:57:51,-07:00,2025-04-19T22:57:51-07:00,0,8
contact/index.html,37,html,b1f7bb14,wel055,2025-04-19,22:57:51,-07:00,2025-04-19T22:57:51-07:00,0,10
contact/index.html,38,html,b1f7bb14,wel055,2025-04-19,22:57:51,-07:00,2025-04-19T22:57:51-07:00,0,8
contact/index.html,39,html,b1f7bb14,wel055,2025-04-19,22:57:51,-07:00,2025-04-19T22:57:51-07:00,0,11
contact/index.html,40,html,b1f7bb14,wel055,2025-04-19,22:57:51,-07:00,2025-04-19T22:57:51-07:00,0,7
contact/index.html,41,html,53580602,wel055,2025-04-04,14:33:18,-07:00,2025-04-04T14:33:18-07:00,0,0
contact/index.html,42,html,53580602,wel055,2025-04-04,14:33:18,-07:00,2025-04-04T14:33:18-07:00,0,21
contact/index.html,43,html,8b56dbce,wel055,2025-04-04,14:39:56,-07:00,2025-04-04T14:39:56-07:00,0,22
contact/index.html,44,html,53580602,wel055,2025-04-04,14:33:18,-07:00,2025-04-04T14:33:18-07:00,0,6
contact/index.html,45,html,c68df23e,wel055,2025-04-26,23:03:09,-07:00,2025-04-26T23:03:09-07:00,0,49
contact/index.html,46,html,3a93988b,wel055,2025-04-04,14:21:57,-07:00,2025-04-04T14:21:57-07:00,0,6
contact/index.html,47,html,3a93988b,wel055,2025-04-04,14:21:57,-07:00,2025-04-04T14:21:57-07:00,0,6
